title,neighborhood,address,city,state,zipcode,typeofhistoricresource,datebuilt/architect,earliestbuildingdate,datedestroyed,rennovationyears,OriginalArchitect,ArchitectInfo,Photo,Rights,0,col_id,location,longitude,lattitude,status,,,,,,,,,,
A. M. E. Book Concern,Center City,631 Pine St.,Philadelphia,PA,19106,,,0,0,0,,https://images.nypl.org/index.php?id=1225582&t=w,New York Public Library,,001,dream001,"631-33 Pine St, Philadelphia, PA, USA",39.944263,-75.152949,success,,,,,,,,,,
Benezet's School / Quaker African School House,Center City,Willings Alley,Philadelphia,PA,19106,school,,0,0,0,,https://3.bp.blogspot.com/-NgI-bzgqzpw/UJ_Idk6d7nI/AAAAAAAAFHY/pjn7LXQ99dw/s400/Locust+lot.jpg,,,002,dream002,"Willings Alley, Philadelphia, PA, USA",39.94642,-75.147316,success,,,,,,,,,,
Benjamin Banneker Institute,Center City,409 S. 11th St.,Philadelphia,PA,19147,,,0,0,0,,https://img.geocaching.com/waymarking/log/display/82f8fd54-d7ff-478f-835c-62a06c8598ec.jpg,,,003,dream003,"409-15 S 11th St, Philadelphia, PA, USA",39.944331,-75.159751,success,,,,,,,,,,
College Settlement / W. E. B. DuBois House,Center City,617 Rodman St.,Philadelphia,PA,19147,settlement house,,0,0,0,,,,,004,dream004,"Rodman Street, Philadelphia, PA, USA",39.94321,-75.158547,doubt,,,,,,,,,,
Colored Industrial School,Center City,20th below Walnut St.,Philadelphia,PA,,school,,0,0,0,,,,,005,dream005,"Philadelphia, PA, USA",39.990821,-75.168428,doubt,,,,,,,,,,
Douglass Hotel (Billie Holiday Residence),Center City,1409-1411 Lombard St.,Philadelphia,PA,19146,hotel,1796,1796,0,1926,,https://www.preservationalliance.com/images/aia/1409-11LombardSt.jpg,Preservation Alliance for Greater Philadelphia,,006,dream006,"Lombard Street, Philadelphia, PA, USA",39.943947,-75.159541,doubt,,,,,,,,,,
Dunbar Theater / Lincoln Theater,Center City,Broad and Lombard Streets.,Philadelphia,PA,19146,theater,,0,0,0,,https://3wev1f3oz92s4a12494el03m-wpengine.netdna-ssl.com/wp-content/uploads/2017/03/Lincoln-Marquee-dettail-25412-0-B.jpg,,,007,dream007,"Philadelphia, PA, USA",39.990821,-75.168428,doubt,,,,,,,,,,
Female Anti-Slavery Society,Center City,107 N. 5th St.,Philadelphia,PA,19106,,,0,0,0,,https://hsp.org/sites/default/files/pas.jpg,,,008,dream008,"North 5th Street, Philadelphia, PA, USA",39.966843,-75.145813,doubt,,,,,,,,,,
First African Baptist Church Cemetery,Center City,8th and Vine Sts.,Philadelphia,PA,19106,cemetery,1796,1796,0,0,,,,,009,dream009,"Philadelphia, PA, USA",39.990821,-75.168428,doubt,,,,,,,,,,
First African Baptist Church Site #2 / Cherry Street Baptist Church / Cherry Memorial Baptist Church,Center City,1025-1027 Cherry St.,Philadelphia,PA,19107,church,,0,0,0,,,,,010,dream010,"Cherry Street, Philadelphia, PA, USA",39.963113,-75.229813,doubt,,,,,,,,,,
Free African Society,Center City,6th and Lombard Sts.,Philadelphia,PA,19147,,,0,0,0,,https://hsp.org/sites/default/files/legacy_files/migrated/richardallenabsolomjones_half.jpg,,,011,dream011,"412 Lombard Street, Philadelphia, PA, USA",39.94258,-75.149553,doubt,,,,,,,,,,
Grendel's Lair,Center City,500 South St.,Philadelphia,PA,19147,,,0,0,0,,https://www.preservationalliance.com/images/aia/500SouthSt.jpg,,,012,dream012,"500 South Street, Philadelphia, PA, USA",39.941747,-75.150875,success,,,,,,,,,,
Historic St. George's Methodist Church,Center City,235 N. 4th St.,Philadelphia,PA,19106,church,"1767, 1812",1767,0,1812,,https://tile.loc.gov/storage-services/service/pnp/habshaer/pa/pa0800/pa0801/photos/139825pv.jpg,,,013,dream013,"North 4th Street, Philadelphia, PA, USA",39.992082,-75.138301,doubt,,,,,,,,,,
"James Forten, Sr. House / Charlotte Forten House",Center City,336 Lombard St.,Philadelphia,PA,19147,dwelling,,0,0,0,,https://www.preservationalliance.com/images/aia/336LombardStb.jpg,Preservation Alliance for Greater Philadelphia,,014,dream014,"Lombard Street, Philadelphia, PA, USA",39.943947,-75.159541,doubt,,,,,,,,,,
Liberation of Jane Johnson,Center City,211 S. Columbus Blvd.,Philadelphia,PA,19106,,,0,0,0,,https://npgallery.nps.gov/GetAsset/2d7bad29-73e1-4518-9753-e9ffcd3da775/proxyhires?,,,015,dream015,"Philadelphia, PA, USA",39.990821,-75.168428,doubt,,,,,,,,,,
Lombard Street Riot,Center City,6th & Lombard,Philadelphia,PA,19147,,n/a,9,0,0,,https://philadelphiaencyclopedia.org/wp-content/uploads/2013/05/RiotIllustration.jpg,,,016,dream016,"412 Lombard Street, Philadelphia, PA, USA",39.94258,-75.149553,doubt,,,,,,,,,,
Mayor Richardson Dilworth House,Center City,223-225 S. 6th St.,Philadelphia,PA,19106,dwelling,,0,0,0,,https://www.ocfrealty.com/wp-content/uploads/2019/01/IMG_8030.jpg,,,017,dream017,"South 6th Street, Philadelphia, PA, USA",39.949982,-75.150576,doubt,,,,,,,,,,
Octavius V. Catto House Site,Center City,814 South St.,Philadelphia,PA,19147,dwelling,demolished ca. 1990,0,1990,0,,https://ids.si.edu/ids/deliveryService?id=NPG-NPG_2006_8CattoM-000001,,,018,dream018,"814 South St, Philadelphia, PA, USA",39.942303,-75.156023,success,,,,,,,,,,
Octavius V. Catto School Building #2,Center City,2028-2038 Lombard St.,Philadelphia,PA,19146,school,,0,0,0,,https://upload.wikimedia.org/wikipedia/commons/1/1c/Octavius_V_Catto_Secondary_School_Colored_Lombard_Street_above_Twentieth_Philadelphia_PA_%281897%29.jpg,,,019,dream019,"Lombard Street, Philadelphia, PA, USA",39.943947,-75.159541,doubt,,,,,,,,,,
ODUNDE Festival,Center City,23rd and South Sts.,Philadelphia,PA,19146,,,0,0,0,,,,,020,dream020,"Philadelphia, PA, USA",39.990821,-75.168428,doubt,,,,,,,,,,
Pennsylvania Abolition Society,Center City,"Front St., below Chestnut St.",Philadelphia,PA,19106,,,0,0,0,,https://www.blackpast.org/wp-content/uploads/The-Pennsylvania-Abolition-Societry-Executive-Committee-Sophia-Smith-Collection-Smith-College.jpg,,,021,dream021,"Philadelphia, PA, USA",39.990821,-75.168428,doubt,,,,,,,,,,
Pennsylvania Hall,Center City,6th and Haines Sts.,Philadelphia,PA,,hall,1838; burned 1838,1838,1838,0,,https://upload.wikimedia.org/wikipedia/commons/c/c8/Pennsylvania_Hall_%28Philadelphia%29.jpg,,,022,dream022,"Philadelphia, PA, USA",39.990821,-75.168428,doubt,,,,,,,,,,
Robert Bogle Catering Establishment,Center City,112 S. 8th St.,Philadelphia,PA,19107,caterer,,0,0,0,,https://libwww.freelibrary.org/images/blog/FLPBlog/resized/bogle-portrait.png,,,023,dream023,"112 South 8th Street, Philadelphia, PA, USA",39.94909,-75.15425,success,,,,,,,,,,
Robert Mara Adger House,Center City,823 South St.,Philadelphia,PA,19147,dwelling,,0,0,0,,https://i.pinimg.com/originals/d0/e4/cb/d0e4cb08475f423afd6860cb029abb25.jpg,,,024,dream024,"South Street, Philadelphia, PA, USA",39.943754,-75.166382,doubt,,,,,,,,,,
Thaddeus Kosciuszko House / Kosciuszko National Memorial,Center City,301-303 Pine St.,Philadelphia,PA,19106,dwelling,1750-1780,0,0,0,,https://www.preservationalliance.com/images/aia/301-3PineSt.jpg,Preservation Alliance for Greater Philadelphia,,025,dream025,"Pine Street, Philadelphia, PA, USA",39.953331,-75.224626,doubt,,,,,,,,,,
Wesley A.M.E. Zion Church,Center City,1500-1504 Lombard St.,Philadelphia,PA,19146,church,"1925, 1926",1925,0,0,,https://www.preservationalliance.com/images/aia/1500-04LombardSt.jpg,Preservation Alliance for Greater Philadelphia,,026,dream026,"Lombard Street, Philadelphia, PA, USA",39.943947,-75.159541,doubt,,,,,,,,,,
Baker Bowl,North,N. Broad and W. Lehigh Ave.,Philadelphia,PA,19132,stadium,1887; demolished 1950,1887,1950,0,,https://www.baseball-almanac.com/images/Baker_Bowl_postcard.jpg,,,027,dream027,"Philadelphia, PA, USA",39.990821,-75.168428,doubt,,,,,,,,,,
Black Panthers Headquarters,North,1928 Cecil B. Moore Ave.,Philadelphia,PA,19121,,,0,0,0,,https://images.squarespace-cdn.com/content/v1/57cf18ae6b8f5ba693497e1a/1477071113564-EVO9T7SNVSHGKBO1DDQD/image-asset.jpeg?format=2500w,,,028,dream028,"1928 Cecil B Moore Ave, Philadelphia, PA, USA",39.979651,-75.166851,success,,,,,,,,,,
Cyrus Bustill House ,North,near 3rd and Green Sts.,Philadelphia,PA,19123,dwelling,,0,0,0,,https://www.hmdb.org/Photos/19/Photo19214.jpg,,,029,dream029,"Philadelphia, PA, USA",39.990821,-75.168428,doubt,,,,,,,,,,
David Bustill Bowser House,North,841 N. 4th St.,Philadelphia,PA,19123,dwelling,,0,0,0,,https://upload.wikimedia.org/wikipedia/commons/thumb/4/4a/David_Bustill_Bowser.png/220px-David_Bustill_Bowser.png,,,030,dream030,"North 4th Street, Philadelphia, PA, USA",39.992082,-75.138301,doubt,,,,,,,,,,
Ebenezer Don Carlos Bassett House,North,2121 N. 29th St.,Philadelphia,PA,19121,dwelling,,0,0,0,,,,,031,dream031,"2121 N 29th St, Philadelphia, PA, USA",39.988316,-75.180225,success,,,,,,,,,,
Fair Hill Burial Ground,North,2901 Germantown Ave.,Philadelphia,PA,19133,cemetery,1842,1824,0,0,,,,,032,dream032,"2901 Germantown Ave, Philadelphia, PA, USA",39.99678,-75.146065,success,,,,,,,,,,
Jessie Redmon Fauset House,North,1853 N. 17th St.,Philadelphia,PA,19121,dwelling,ca. 1885,1885,0,0,,https://media.newyorker.com/photos/59097e3bc14b3c606c10999a/master/pass/Jerkins-TheForgottenWorkofJessieRedmonFauset.jpg,,,033,dream033,"1853 N 17th St, Philadelphia, PA, USA",39.982106,-75.161803,success,,,,,,,,,,
John W. Coltrane House,North,1511 N. 33rd St.,Philadelphia,PA,19121,dwelling,1895,1985,0,0,,https://upload.wikimedia.org/wikipedia/commons/thumb/7/73/ColtraneH.jpg/500px-ColtraneH.jpg,,,034,dream034,"1511 N 33rd St, Philadelphia, PA, USA",39.980283,-75.188424,success,,,,,,,,,,
Negro People's Theater of Philadelphia,North,311 N. 16th St.,Philadelphia,PA,19102,,,0,0,0,,,,,035,dream035,"North 16th Street, Philadelphia, PA, USA",40.042469,-75.146943,doubt,,,,,,,,,,
Pearl Bailey House,North,1946 N. 23rd St.,Philadelphia,PA,19121,dwelling,"ca. 1884-1886, Willis G. Hale",1886,0,0,,https://phillyjazzblog.files.wordpress.com/2015/03/pearl-bailey-house-1.jpg?w=474,,,036,dream036,"1946 N 23rd St, Philadelphia, PA, USA",39.984933,-75.1718,success,,,,,,,,,,
Zoar Methodist Church Site,North,409 Brown St.,Philadelphia,PA,19123,church,,0,0,0,,https://encrypted-tbn0.gstatic.com/images?q=tbn:ANd9GcRC3-IFz85M-EMTeWkvu4VNtOXDyCjiv3GZnYs3Hz1f62Q1rqjUnQQshUKgWfUGoI3LPvA&usqp=CAU,,,037,dream037,"409 Brown St, Philadelphia, PA, USA",39.964018,-75.144913,success,,,,,,,,,,
Robert Purvis Estate,Northeast,Byberry and Thornton Roads,Philadelphia,PA,19154,dwelling,ca. 1770,1770,0,0,,https://www.ocfrealty.com/wp-content/uploads/2012/01/IMG_0309-560x420.jpg,,,038,dream038,"Philadelphia, PA, USA",39.990821,-75.168428,doubt,,,,,,,,,,
Cliveden,Northwest,6401 Germantown Ave.,Philadelphia,PA,19119,"dwelling, museum","1763, 1764",1763,0,0,,https://www.preservationalliance.com/images/aia/6401Germantown.jpg,Preservation Alliance for Greater Philadelphia,,039,dream039,"6401 Germantown Ave, Philadelphia, PA, USA",40.047285,-75.181627,success,,,,,,,,,,
First Protest Against Slavery / Kunder House,Northwest,5109 Germantown Ave.,Philadelphia,PA,19144,dwelling,,0,0,0,,https://www.hmdb.org/Photos1/170/Photo170532.jpg,,,040,dream040,"Germantown Avenue, Philadelphia, PA, USA",39.973054,-75.141599,doubt,,,,,,,,,,
Germantown Industrial School for Colored Women,Northwest,30 Armat St.,Philadelphia,PA,19144,school,,0,0,0,,,,,041,dream041,"Philadelphia, PA, USA",39.990821,-75.168428,doubt,,,,,,,,,,
Johnson House,Northwest,6306 Germantown Ave.,Philadelphia,PA,19144,dwelling,1768,1768,0,0,,https://www.preservationalliance.com/images/aia/6306Germantown.jpg,Preservation Alliance for Greater Philadelphia,,042,dream042,"Germantown Avenue, Philadelphia, PA, USA",39.973054,-75.141599,doubt,,,,,,,,,,
Sadie T. M. Alexander House,Northwest,700 Westview St.,Philadelphia,PA,19119,dwelling,,0,0,0,,https://www.preservationalliance.com/images/aia/700Westview.jpg,Preservation Alliance for Greater Philadelphia,,043,dream043,"Westview Street, Philadelphia, PA, USA",40.050941,-75.187245,doubt,,,,,,,,,,
Alain Leroy Locke House,South,2221 S. 5th St.,Philadelphia,PA,19148,dwelling,,0,0,0,,https://hiddencityphila.org/wp-content/uploads/2021/06/Alain-Locke-home-1.jpg,,,044,dream044,"South 5th Street, Philadelphia, PA, USA",39.947984,-75.149412,doubt,,,,,,,,,,
Christian Street YMCA,South,1724 Christian St.,Philadelphia,PA,19146,young men's Christian association,ca. 1914; rebuilt 1969,1914,0,1969,,https://www.preservationalliance.com/images/aia/1724ChristianSt.jpg,Preservation Alliance for Greater Philadelphia,,045,dream045,"1724 Christian Street, Philadelphia, PA, USA",39.940539,-75.17218,success,,,,,,,,,,
Institute for Colored Youth,South,915 Bainbridge St.,Philadelphia,PA,19147,school,ca. 1865-1866,1865,0,0,,https://www.preservationalliance.com/images/aia/915BainbridgeSt.jpg,Preservation Alliance for Greater Philadelphia,,046,dream046,"915-25 Bainbridge St, Philadelphia, PA, USA",39.942014,-75.15791,success,,,,,,,,,,
Marian Anderson House,South,762 S. Martin St.,Philadelphia,PA,19146,"dwelling, museum",,0,0,0,,https://upload.wikimedia.org/wikipedia/commons/thumb/c/c3/M_Anderson_House_Philly.jpg/500px-M_Anderson_House_Philly.jpg,,,047,dream047,"South Martin Street, Philadelphia, PA, USA",39.9424,-75.174771,doubt,,,,,,,,,,
Mercy Hospital - Site #1,South,17th and Fitzwater Sts.,Philadelphia,PA,19146,hospital,,0,0,0,,,,,048,dream048,"1910 Fitzwater Street, Philadelphia, PA, USA",39.942723,-75.174563,doubt,,,,,,,,,,
Crystal Bird Fauset House,West,5403 Vine St.,Philadelphia,PA,19139,dwelling,,0,0,0,,https://www.phila.gov/media/20170308121227/Crystal-Bird-Fauset1-550x360.jpg,,,049,dream049,"Vine Street, Philadelphia, PA, USA",39.955409,-75.139765,doubt,,,,,,,,,,
Freedom Now Rally (Dr. Martin Luther King Jr.),West,Lancaster and Haverford Aves.,Philadelphia,PA,19104,,,0,0,0,,,,,050,dream050,"3529 Haverford, Philadelphia, PA, USA",39.963926,-75.19431,doubt,,,,,,,,,,
MOVE site,West,6221 Osage Ave.,Philadelphia,PA,19143,,,0,0,0,,,,,051,dream051,"6221 Osage Ave, Philadelphia, PA, USA",39.955692,-75.24687,success,,,,,,,,,,
Shelter for Colored Orphans,West,44th and Haverford Ave.,Philadelphia,PA,19104,orphanage,,0,0,0,,,,,052,dream052,"Philadelphia, PA, USA",39.990821,-75.168428,doubt,,,,,,,,,,
Underground Railroad Museum at Belmont Mansion / American Women's Heritage Society,West,2000 Belmont Mansion Dr.,Philadelphia,PA,19131,"dwelling, museum","ca. 1742-1751; many additions and alterations, including ca. 1888 and 1905",1742,0,1888;1905,,https://www.philasun.com/wp-content/uploads/2016/02/diaspora_02-28-16b.jpg,,,053,dream053,"Belmont Mansion Drive, Philadelphia, PA, USA",39.985323,-75.213071,doubt,,,,,,,,,,
Frederick Douglass Memorial Hospital,Center City,1512 or 1522 Lombard St.,Philadelphia,PA,19146,hospital,,0,0,0,,,,,054,dream054,"Philadelphia, PA, USA",39.990821,-75.168428,doubt,,,,,,,,,,
Church of the Advocate,North,1801 W. Diamond St.,Philadelphia,PA,19121,church,"1891, 1897,  Charles M. Burns",0,0,0,,https://billypenn.com/wp-content/uploads/2019/10/churchoftheadvocate-02crop-1024x576.jpg,,,055,dream055,"West Diamond Street, Philadelphia, PA, USA",39.987156,-75.175417,doubt,,,,,,,,,,
North Penn Baptist Church,North,2419-2425 N. 27th St.,Philadelphia,PA,19132,church,"ca. 1911, Charles Wells",1911,0,0,,,,,056,dream056,"North 27th Street, Philadelphia, PA, USA",39.985261,-75.177145,doubt,,,,,,,,,,
Greater Exodus Baptist Church / Our Lady of Blessed Sacrament / Central Presbyterian Church,North,708-714 N. Broad St.,Philadelphia,PA,19130,church,"ca. 1877, Collins Autenreith",1877,0,0,,https://1.bp.blogspot.com/-B9RqF2W50Sk/XQSjxqw1jrI/AAAAAAAAouQ/wJHHBWrYZTUd6sE0d1nuhOI5OSmRe5BDgCLcBGAs/s640/MediaStream%2B%25281%2529.jpg,,,057,dream057,"North Broad Street, Philadelphia, PA, USA",40.010581,-75.150898,doubt,,,,,,,,,,
Uptown Theater,North,2240 N. Broad St.,Philadelphia,PA,19132,theater,"1927, 1929, E. Magiziner, H. Magiziner",1927,0,0,,https://cdn10.phillymag.com/wp-content/uploads/sites/3/2021/09/Uptown-theater-lede.jpg,,,058,dream058,"2240-48 N Broad St, Philadelphia, PA, USA",39.987403,-75.15652,success,,,,,,,,,,
Peter A. B. Widener Mausoleum (Laurel Hill Cemetery),North,3822 Ridge Ave.,Philadelphia,PA,19132,mausoleum,"mausoleum ca. 1915, Horace Trumbauer (Julian Abele)",1915,0,0,,,,,059,dream059,"Ridge Avenue, Philadelphia, PA, USA",39.96086,-75.156768,doubt,,,,,,,,,,
Wayland Temple Baptist Church / Columbia Avenue Methodist Church,North,2500 Cecil B. Moore Ave.,Philadelphia,PA,19121,church,"1888, Oscar Frotscher; alterations, 1916, George Savage",1888,0,1916,,,,,060,dream060,"2500 Cecil B Moore Avenue, Philadelphia, PA, USA",39.980753,-75.175932,success,,,,,,,,,,
B.M. Oakley Memorial Temple / Trinity Reformed Church,North,1535 N. 7th St.,Philadelphia,PA,19122,church,"1869, Samuel Sloan",1869,0,0,,,,,061,dream061,"1535 North 7th Street, Philadelphia, PA, USA",39.974826,-75.147168,success,,,,,,,,,,
Zion Baptist Church / St. Paul Reformed Church / Trinity Reformed Church,North,3600 N. Broad St.,Philadelphia,PA,19140,church,"1904, Stearns & Castor; alterations, 1914, Stearns & Castor; alterations, 1973, Eshbach, Glass, Kale & Associates",1904,0,1914;1973,,,,,062,dream062,"3600 N Broad St, Philadelphia, PA, USA",40.007963,-75.152024,success,,,,,,,,,,
Freedom Theatre,North,1346 N. Broad St.,Philadelphia,PA,19121,theater,"1853, 1865; Stephen D. Button",0,0,0,,,,,063,dream063,"North Broad Street, Philadelphia, PA, USA",40.010581,-75.150898,doubt,,,,,,,,,,
St. Paul Baptist Church / First Reformed Church Building,North,1000 Wallace St.,Philadelphia,PA,19123,church,"before 1888; alterations, 1916, 1920, 1929, Stuckert & Co.",1888,0,1916;1920;1929,,,,,064,dream064,"Wallace Street, Philadelphia, PA, USA",39.963493,-75.217236,doubt,,,,,,,,,,
Berean Presbyterian Church Site / Berean Institute,North,1906-1926 S. College Ave.,Philadelphia,PA,19121,church,"1884; 1888, T. P. Chandler",0,0,0,,,,,065,dream065,"South College Avenue, Philadelphia, PA, USA",39.972627,-75.173802,doubt,,,,,,,,,,
Berean Presbyterian Church / Bethlehem Presbyterian Church,North,2101 N. Broad St.,Philadelphia,PA,19122,church,"1888, T. P. Chandler; alterations, 1909, 1910, 1915, J. Franklin Stuckert",1888,0,1909;1910;1915,,,,,066,dream066,"2101 North Broad Street, Philadelphia, PA, USA",39.98487,-75.156197,success,,,,,,,,,,
Universal Negro Improvement Association (UNIA),North,1609-11 Cecil B. Moore Ave.,Philadelphia,PA,19121,,"ca. 1894, Thomas Lonsdale",1894,0,0,,,,,067,dream067,"1609-11 Cecil B Moore Ave, Philadelphia, PA, USA",39.979375,-75.161489,success,,,,,,,,,,
Girard College,North,2101 S. College Ave.,Philadelphia,PA,19121,school,"1833, Thomas Ustick Walter; 1968",1833,0,1968,,https://media.phillyvoice.com/media/images/01-083115_GirardCollege_Carroll.2e16d0ba.fill-735x490.jpg,,,068,dream068,"South College Avenue, Philadelphia, PA, USA",39.972627,-75.173802,doubt,,,,,,,,,,
Union A.M.E. Church / Hedding M. E. Church / Calvary Baptist Church,North,655 N. 16th St.,Philadelphia,PA,19130,church,"before 1859; alterations, 1902, Watson & Huckel; alterations, 1906, C. Davis",1859,0,1902;1906,,,,,069,dream069,"655-59 N 16th St, Philadelphia, PA, USA",39.966666,-75.163569,success,,,,,,,,,,
Unity Mission / Charles T. Ellis House,North,1430 N. Broad St.,Philadelphia,PA,19121,dwelling,"ca. 1891, William Decker",1891,0,0,,,,,070,dream070,"1430 N Broad St, Philadelphia, PA, USA",39.975493,-75.15912,success,,,,,,,,,,
Metropolitan Opera House,North,848-860 N. Broad St.,Philadelphia,PA,19130,"opera house, church","1908, William McElfatrick",1908,1908,0,,,,,071,dream071,"North Broad Street, Philadelphia, PA, USA",40.010581,-75.150898,doubt,,,,,,,,,,
Shibe Park / Connie Mack Stadium,North,2701 N. 21st St.,Philadelphia,PA,19132,stadium,"1908-1909, William Steele & Sons Co.; numerous alterations; demolished 1976",1908,1909,0,,,,,072,dream072,"North 21st Street, Philadelphia, PA, USA",39.983256,-75.168608,doubt,,,,,,,,,,
Divine Lorraine Hotel,North,699 N. Broad St.,Philadelphia,PA,19123,"hotel, apartment building","1894, Willis G. Hale",1894,0,0,,,,,073,dream073,"699 N Broad St, Philadelphia, PA, USA",39.966699,-75.160017,success,,,,,,,,,,
Bethany A.M.E. Church,Northeast,8820 Ashton Rd.,Philadelphia,PA,19136,church,"early 19th century; Elias Chase, builder",1800,0,0,,,,,074,dream074,"8820 Ashton Rd, Philadelphia, PA, USA",40.058183,-75.027363,success,,,,,,,,,,
Germantown Historical Society / Fromberger House,Northwest,5501-5505 Germantown Ave.,Philadelphia,PA,19144,"dwelling, young women's christian association, church, office building","ca. 1795-96; enlarged 1917; renovated after fire, 1930; rehabbed, 1952-54, G. Edwin",1796,0,1917;1930;1952-1954,,https://www.preservationalliance.com/images/aia/5501Germantown.jpg,Preservation Alliance for Greater Philadelphia,,075,dream075,"Germantown Avenue, Philadelphia, PA, USA",39.973054,-75.141599,doubt,,,,,,,,,,
Northern Home for Children,Northwest,5301 Ridge Ave.,Philadelphia,PA,19128,,"alterations, 1927, Horace Trumbauer (Julian Abele)",0,0,1927,,,,,076,dream076,"5301 Ridge Ave, Philadelphia, PA, USA",40.021044,-75.208578,success,,,,,,,,,,
Grace Baptist Church Building #1,Northwest,34-36 E. Sharpnack St.,Philadelphia,PA,19119,church,"1908, Jacob Naschold",1908,0,0,,https://www.preservationalliance.com/images/aia/34-6ESharpnack.jpg,Preservation Alliance for Greater Philadelphia,,077,dream077,"34-36 E Sharpnack St, Philadelphia, PA, USA",40.049813,-75.183061,success,,,,,,,,,,
Coulter Street School site / Daniel L. Keyser School / Wissahickon Boys and Girls Club,Northwest,328 W. Coulter St.,Philadelphia,PA,19144,school,"ca. 1887-1899, Joseph Anshutz",1887,0,0,,https://www.preservationalliance.com/images/aia/328WCoulter.jpg,Preservation Alliance for Greater Philadelphia,,078,dream078,"328 W Coulter St, Philadelphia, PA, USA",40.026712,-75.176742,success,,,,,,,,,,
Galilee Baptist Church Building,Northwest,457 Roxborough Ave.,Philadelphia,PA,19128,church,"1900, Kennedy & Kelsey",1900,0,0,,,,,079,dream079,"457 Roxborough Ave, Philadelphia, PA, USA",40.028745,-75.213417,success,,,,,,,,,,
Thomas Meehan Public School,Northwest,5347-5353 Pulaski Ave.,Philadelphia,PA,19144,school,"1901, Lloyd Titus",1901,0,0,,https://www.preservationalliance.com/images/aia/5347Pulaski.jpg,Preservation Alliance for Greater Philadelphia,,080,dream080,"Pulaski Avenue, Philadelphia, PA, USA",40.032722,-75.182942,doubt,,,,,,,,,,
Grace Baptist Church Building #2,Northwest,25 W. Johnson St.,Philadelphia,PA,19144,church,"late 1960s, Mansell, McGettigan & Fugate",1960,0,0,,https://www.preservationalliance.com/images/aia/25WJohnson.jpg,Preservation Alliance for Greater Philadelphia,,081,dream081,"West Johnson Street, Philadelphia, PA, USA",40.037799,-75.190539,doubt,,,,,,,,,,
Canaan Baptist Church Building / West Side Presbyterian Church Building,Northwest,5430 Pulaski Ave.,Philadelphia,PA,19144,church,"1891, Mantle Fielding",1891,0,0,,https://www.preservationalliance.com/images/aia/5430Pulaski.jpg,Preservation Alliance for Greater Philadelphia,,082,dream082,"5430 Pulaski Avenue, Philadelphia, PA, USA",40.028438,-75.177459,success,,,,,,,,,,
Janes Methodist Church Building,Northwest,528 E. Haines St.,Philadelphia,PA,19144,church,"ca. 1898 or 1911, Rankin and Kellogg",1898,0,0,,https://www.preservationalliance.com/images/aia/528EHaines.jpg,Preservation Alliance for Greater Philadelphia,,083,dream083,"528 E Haines St, Philadelphia, PA, USA",40.04493,-75.169789,success,,,,,,,,,,
Germantown YMCA,Northwest,5722 Greene St.,Philadelphia,PA,19144,young men's Christian association,"1928, Thomas, Martin & Kirkpatrick",1928,0,0,,https://www.preservationalliance.com/images/aia/5722Greene.jpg,Preservation Alliance for Greater Philadelphia,,084,dream084,"5722-28 Greene St, Philadelphia, PA, USA",40.034007,-75.177817,success,,,,,,,,,,
Bethel A.M.E. Church (Germantown) Building #2 / Rialto Theater Building / Tulpehocken Theater Building,Northwest,6153 Germantown Ave.,Philadelphia,PA,19144,church,"1914, architect unknown; alterations, William H. Lee, c. 1936; alterations c.1976",1914,0,0,,https://www.preservationalliance.com/images/aia/6153Germantown.jpg,Preservation Alliance for Greater Philadelphia,,085,dream085,"6153 Germantown Avenue, Philadelphia, PA, USA",40.042148,-75.179724,success,,,,,,,,,,
Bainbridge Club / Hotel Brotherhood USA,South,1523-1529 Bainbridge St.,Philadelphia,PA,19146,clubhouse,"ca. 1919, A. Borzner",1919,0,0,,,,,086,dream086,"Bainbridge Street, Philadelphia, PA, USA",39.942257,-75.161512,doubt,,,,,,,,,,
Gloria Dei Church / Old Swedes' Episcopal Church,South,916 S. Swanson St.,Philadelphia,PA,19147,church,"1677-1698, Andrew Rudman; alterations, 1703-1705, ca. 1733, 1845; alterations, 1896, George Champlin Mason, Jr.",1677,0,1703-1705;1733;1845;1846,,,,,087,dream087,"South Swanson Street, Philadelphia, PA, USA",39.916921,-75.146962,doubt,,,,,,,,,,
Elks Lodge,South,739-43 S. 16th St.,Philadelphia,PA,19146,,"ca. 1928, C. Adams",1928,0,0,,,,,088,dream088,"739-43 S 16th St, Philadelphia, PA, USA",39.942034,-75.168896,success,,,,,,,,,,
Union Baptist Church Building #2,South,1910 Fitzwater St.,Philadelphia,PA,19146,church,"1913, Charles Bolton & Son; alterations, 1926, Charles Bolton & Son",1913,0,1926,,,,,089,dream089,"1910 Fitzwater Street, Philadelphia, PA, USA",39.942723,-75.174563,success,,,,,,,,,,
St. Charles Borromeo Church,South,1941 Christian St.,Philadelphia,PA,19146,church,"1876, Edwin Forrest Durang",1876,0,0,,https://www.preservationalliance.com/images/aia/1941ChristianSt.jpg,Preservation Alliance for Greater Philadelphia,,090,dream090,"1941 Christian Street, Philadelphia, PA, USA",39.941299,-75.175457,success,,,,,,,,,,
Holy Trinity Baptist Church,South,1818-1824 Bainbridge St.,Philadelphia,PA,19146,church,"1900, Edwin Gilbert of Gilbert & Reid",1900,0,0,,,,,091,dream091,"Bainbridge Street, Philadelphia, PA, USA",39.942257,-75.161512,doubt,,,,,,,,,,
YWCA - Southwest-Belmont Branch,South,1607-15 Catharine St.,Philadelphia,PA,19146,young women's Christian association,"ca. 1922, Erskine, Morris",1922,0,0,,,,,092,dream092,"Catharine Street, Philadelphia, PA, USA",39.936955,-75.142769,doubt,,,,,,,,,,
Shiloh Baptist Church #3 / Church of the Holy Apostles,South,2040 Christian St.,Philadelphia,PA,19146,church,"1868-1870, Fraser, Furness & Hewitt; alterations, 1890, George W. Hewitt",1868,0,0,,https://www.preservationalliance.com/images/aia/2040ChristianSt.jpg,Preservation Alliance for Greater Philadelphia,,093,dream093,"2040 Christian St, Philadelphia, PA, USA",39.941156,-75.17749,success,,,,,,,,,,
Harrison Day Nursery,South,1839-1843 Ellsworth St.,Philadelphia,PA,19146,day care,"1898, Furness, Evans and Co.",1898,0,0,,,,,094,dream094,"Ellsworth Street, Philadelphia, PA, USA",39.933044,-75.146626,doubt,,,,,,,,,,
Zion A.M.E. Church,South,1600 S. 21st St.,Philadelphia,PA,19145,church,"1925-1928, George E. Savage",1925,0,0,,,,,095,dream095,"1600-06 S 21st St, Philadelphia, PA, USA",39.931847,-75.180092,success,,,,,,,,,,
St. Martha's House / Houston Community Center,South,2029 S. 8th St.,Philadelphia,PA,19148,settlement house,"ca. 1914, Hastings Brockie",1914,0,0,,,,,096,dream096,"2029 South 8th Street, Philadelphia, PA, USA",39.923225,-75.159555,success,,,,,,,,,,
St. Mary Chapel Building,South,1831-1835 Bainbridge St.,Philadelphia,PA,19146,church,"1897, Hazlehurst & Huckel",1897,0,0,,,,,097,dream097,"Bainbridge Street, Philadelphia, PA, USA",39.942257,-75.161512,doubt,,,,,,,,,,
Varick Memorial Church Site,South,763 S. 19th St.,Philadelphia,PA,19146,church,"1889, Hazlehurst & Huckel",1889,0,0,,,,,098,dream098,"763 S 19th St, Philadelphia, PA, USA",39.942029,-75.173852,success,,,,,,,,,,
Friendship Baptist Church / 18th Street Baptist Church / 18th Street Methodist Episcopal Church,South,1730 Wharton St.,Philadelphia,PA,19146,church,"1885-1888, J. Franklin Stuckert",1885,0,0,,,,,099,dream099,"1730 Wharton St, Philadelphia, PA, USA",39.934777,-75.173805,success,,,,,,,,,,
Church of the Crucifixion Building and Parish House,South,620 S. 8th St.,Philadelphia,PA,19147,church,"1883, Pursell & Fry; 1902, Isaac Pursell and Duhring, Okie & Ziegler",1883,0,1902,,https://www.preservationalliance.com/images/aia/620S8thSt.jpg,Preservation Alliance for Greater Philadelphia,,100,dream100,"South 8th Street, Philadelphia, PA, USA",39.932037,-75.157756,doubt,,,,,,,,,,
Tasker Street Baptist Church / Metropolitan Baptist Church,South,2010 Tasker St.,Philadelphia,PA,19145,church,"ca. 1900, S. Bythewood; alterations, 1928 and 1940, Richard R. Neely",1900,0,1928;1940,,,,,101,dream101,"Tasker Street, Philadelphia, PA, USA",39.930982,-75.172246,doubt,,,,,,,,,,
First African Presbyterian Church / Tabor Chapel / St. Paul's German Reform Church / First Colored Wesley Methodist Church,South,1642 Fitzwater St.,Philadelphia,PA,19146,church,"1857, Samuel Sloan",1857,0,0,,https://www.preservationalliance.com/images/aia/1642FitzwaterSt.jpg,Preservation Alliance for Greater Philadelphia,,102,dream102,"1642 Fitzwater St, Philadelphia, PA, USA",39.942237,-75.170639,success,,,,,,,,,,
Union Baptist Building #1 / New Hope Temple Baptist Church,South,711-715 S. 12th St.,Philadelphia,PA,19147,church,"1893, Thomas Bennett",1893,0,0,,https://www.preservationalliance.com/images/aia/711-15S12thStb.jpg,Preservation Alliance for Greater Philadelphia,,103,dream103,"South 12th Street, Philadelphia, PA, USA",39.932836,-75.164046,doubt,,,,,,,,,,
Moyamensing Prison,South,10th and Reed Sts.,Philadelphia,PA,19147,prison,"ca. 1832-1835, Thomas Ustick Walter; many alterations; demolished 1968",1832,1968,9,,,,,104,dream104,"Philadelphia, PA, USA",39.990821,-75.168428,doubt,,,,,,,,,,
St. Simon the Cyrenian Church and Rectory,South,1401 S. 22nd St.,Philadelphia,PA,19146,church,"1905 (rectory), 1913-1914, Thomas, Churchman & Molitor",1905,0,1913-1914,,,,,105,dream105,"1401-11 S 22nd St, Philadelphia, PA, USA",39.934379,-75.180644,success,,,,,,,,,,
First Penny Savings and Loan,South,2052 Bainbridge St.,Philadelphia,PA,19146,bank,"ca. 1914, W. Haddock",1914,0,0,,,,,106,dream106,"Bainbridge Street, Philadelphia, PA, USA",39.942257,-75.161512,doubt,,,,,,,,,,
First African Baptist Church Building,South,1600-1606 Christian St.,Philadelphia,PA,19146,church,"1904, Watson & Huckel",1904,0,0,,,,,107,dream107,"Christian Street, Philadelphia, PA, USA",39.939942,-75.165555,doubt,,,,,,,,,,
Shiloh Baptist Church #1 / Murray Chapel / Mount Olive A.M.E. Church / Waters Memorial A.M.E. Church,South,609 S. Clifton St.,Philadelphia,PA,19147,church,"ca. 1840; alterations, 1895, Wilson Brothers; alterations, 1921, C. Wilson; alterations, 1953",1840,0,1895;1921,,https://www.preservationalliance.com/images/aia/609SCliftonSt.jpg,Preservation Alliance for Greater Philadelphia,,108,dream108,"609 S Clifton St, Philadelphia, PA, USA",39.942645,-75.159714,success,,,,,,,,,,
Dutrieuille Catering Site #2,West,4001 Spring Garden St.,Philadelphia,PA,19104,caterer,"ca. 1888, A. Wade",1888,0,0,,,,,109,dream109,"4001 Spring Garden St, Philadelphia, PA, USA",39.961839,-75.202415,success,,,,,,,,,,
First African Presbyterian Church / Emmanuel Presbyterian Church,West,4159 W. Girard Ave.,Philadelphia,PA,19104,church,"1912, Charles Bolton & Son",1912,0,0,,,,,110,dream110,"4159 W Girard Ave, Philadelphia, PA, USA",39.973946,-75.209674,success,,,,,,,,,,
St. Matthew Church Building,West,215 N. 57th St.,Philadelphia,PA,19139,church,"1940, Charles Bolton & Son",1940,0,0,,,,,111,dream111,"215-23 N 57th St, Philadelphia, PA, USA",39.964697,-75.233722,success,,,,,,,,,,
Bethel Baptist Church,West,4033-4037 Haverford Ave.,Philadelphia,PA,19104,church,"1924, Clarence Caspary",1924,0,0,,,,,112,dream112,"Haverford Avenue, Philadelphia, PA, USA",39.968301,-75.23486,doubt,,,,,,,,,,
Franklin Field,West,33rd and Spruce Streets,Philadelphia,PA,19104,stadium,"1922, Day & Klauder",1922,0,0,,,,,113,dream113,"Philadelphia, PA, USA",39.990821,-75.168428,doubt,,,,,,,,,,
St. Monica Mission Church Site,West,4206 Woodland Ave.,Philadelphia,PA,19104,church,"1914-1916, Duhring, Okie and Ziegler",1914,0,0,,,,,114,dream114,"Woodland Avenue, Philadelphia, PA, USA",39.949464,-75.199983,doubt,,,,,,,,,,
Paul Leroy Robeson House,West,4951 Walnut St.,Philadelphia,PA,19139,dwelling,"1911, E.A. Wilson; alterations, ca. 1959",1911,0,1959,,,,,115,dream115,"4951 Walnut St, Philadelphia, PA, USA",39.956688,-75.221373,success,,,,,,,,,,
African Episcopal Church of St. Thomas Site #3,West,6361 Lancaster Ave.,Philadelphia,PA,19151,church,"1899, Frederick Mann; alterations, 1905, Baily & Bassett",1899,0,1905,,,,,116,dream116,"6361 Lancaster Avenue, Philadelphia, PA, USA",39.987312,-75.251068,success,,,,,,,,,,
Allen A.M.E. Church Building #3 / Fourth Reformed Presbyterian Church Building,West,5901 Larchwood Ave.,Philadelphia,PA,19143,church,"1917, George D. Savage",1917,0,0,,,,,117,dream117,"5901 Larchwood Ave, Philadelphia, PA, USA",39.954,-75.240659,success,,,,,,,,,,
Mount Pisgah A.M.E. Church / Centenary Methodist Church,West,428 N. 41st St.,Philadelphia,PA,19104,church,"ca. 1860s-1880s; alterations, 1901, H. King; alterations, 1913, James Fernald; rebuilt after fire, 1944",1860,0,1901;1913;1944,,,,,118,dream118,"North 41st Street, Philadelphia, PA, USA",39.976197,-75.206385,doubt,,,,,,,,,,
Mount Carmel Baptist Church,West,5732 Race St.,Philadelphia,PA,19139,church,"1915, Henry DeHoff; alterations, 1938, Charles Bolton & Sons; main sanctuary, post-World War II",1915,0,1938,,,,,119,dream119,"5732 Race Street, Philadelphia, PA, USA",39.964312,-75.235491,success,,,,,,,,,,
Clanerda Presbyterian Church,West,34th and Girard Sts.,Philadelphia,PA,19104,church,"ca. 1912, Horace Trumbauer (Julian Abele)",1912,0,0,,,,,120,dream120,"Philadelphia, PA, USA",39.990821,-75.168428,doubt,,,,,,,,,,
Irvine Auditorium (University of Pennsylvania),West,3401 Spruce St.,Philadelphia,PA,19104,auditorium,"ca. 1928, Horace Trumbauer (Julian Abele)",1928,0,0,,,,,121,dream121,"3401 Spruce Street, Philadelphia, PA, USA",39.950877,-75.19301,success,,,,,,,,,,
Otto Eisenlohr House / President's House (University of Pennsylvania),West,3812 Walnut St.,Philadelphia,PA,19104,dwelling,"ca. 1905, Horace Trumbauer (Julian Abele)",1905,0,0,,,,,122,dream122,"Walnut Street, Philadelphia, PA, USA",39.949649,-75.16673,doubt,,,,,,,,,,
Zoological Society Building,West,34th and Girard Sts.,Philadelphia,PA,19104,,"ca. 1912, Horace Trumbauer (Julian Abele)",1912,0,0,,,,,123,dream123,"Philadelphia, PA, USA",39.990821,-75.168428,doubt,,,,,,,,,,
Stephen Smith Home for the Aged and Infirmed,West,4400 W. Girard Ave.,Philadelphia,PA,19104,retirement home,"ca. 1883, Hutton, Addison",1883,0,0,,,,,124,dream124,"4400 W Girard Ave, Philadelphia, PA, USA",39.972816,-75.212586,success,,,,,,,,,,
Overbrook High School (Wilt Chamberlain),West,5898 Lancaster Ave.,Philadelphia,PA,19131,school,"1924, Irwin T. Catherine",1924,0,0,,,,,125,dream125,"Lancaster Avenue, Philadelphia, PA, USA",39.974485,-75.220917,doubt,,,,,,,,,,
Star of Hope Baptist Church,West,443 N. 60th St.,Philadelphia,PA,19151,church,"ca. 1962, James Plater",1962,0,0,,,,,126,dream126,"443 N 60th St, Philadelphia, PA, USA",39.969076,-75.239025,success,,,,,,,,,,
Tyree A.M.E. Church / 10th United Presbyterian Church,West,3800 Hamilton St.,Philadelphia,PA,19104,church,"1886, Lawrence Valk",1886,0,0,,,,,127,dream127,"3800-04 Hamilton St, Philadelphia, PA, USA",39.961293,-75.19721,success,,,,,,,,,,
Pinn Memorial Baptist Church / Har Zion Synagogue,West,2251 N. 54th St.,Philadelphia,PA,19131,church,"1922-1924, Leroy Rothschild; alterations and additions, 1940-1957, Silverman & Levey",1922,0,1940-1957,,,,,128,dream128,"North 54th Street, Philadelphia, PA, USA",39.993335,-75.233854,doubt,,,,,,,,,,
Lombard Central Presbyterian Church Building #2 / Friends Meeting House,West,4201 Powelton Ave.,Philadelphia,PA,19104,church,"ca. 1875; alterations, 1903, Morris & Vaux",1875,0,0,,,,,129,dream129,"4201 Powelton Avenue, Philadelphia, PA, USA",39.959156,-75.206639,success,,,,,,,,,,
Tyree A.M.E. Church (?) / Williams Chapel / Metropolitan Baptist Church / First United Baptist Church,West,3728-3730 Haverford Ave.,Philadelphia,PA,19104,church,"before 1922; alterations as church, 1937, Richard Neely",1922,0,1903,,,,,130,dream130,"Haverford Avenue, Philadelphia, PA, USA",39.968301,-75.23486,doubt,,,,,,,,,,
Monumental Baptist Church / First Reformed Church,West,4948 Locust St.,Philadelphia,PA,19139,church,"1923-1925, Stuckert & Co.",1923,0,0,,,,,131,dream131,"4948 Locust St, Philadelphia, PA, USA",39.955048,-75.221354,success,,,,,,,,,,
"United Mission Church / Pennsylvania Railroad Branch, YMCA / Second Antioch Baptist Church",West,907 N. 41st St.,Philadelphia,PA,19104,church,"1892, T. P. Lonsdale",1892,0,0,,,,,132,dream132,"North 41st Street, Philadelphia, PA, USA",39.976197,-75.206385,doubt,,,,,,,,,,
White Rock Baptist Church / St. Matthew M.E. Church,West,5240-5244 Chestnut St.,Philadelphia,PA,19139,church,"original church building, 1889-1890, T. P. Lonsdale; parish house, 1899, T. P. Lonsdale; substantial chapel addition, 1908, Wesl",1889,0,1899;1908,,,,,133,dream133,"Chestnut Street, Philadelphia, PA, USA",39.957881,-75.220335,doubt,,,,,,,,,,
St. Michael and All Angels Chapel / Bethany Baptist Church / Victory Baptist Church,West,4238 Wallace St.,Philadelphia,PA,19104,church,"1889, William Camac, project architect, in firm of Furness, Evans & Co.; alterations, 1920, John E. Bullock",1889,0,1920,,,,,134,dream134,"4238-40 Wallace St, Philadelphia, PA, USA",39.963341,-75.20862,success,,,,,,,,,,
,,,,,,,,,,,,,,,,,,,,,,,,,,,,,,
,,,,,,,,,,,,,,,,,,,,,,,,,,,,,,
,,,,,,,,,,,,,,,,,,,,,,,,,,,,,,
,,,,,,,,,,,,,,,,,,,,,,,,,,,,,,
,,,,,,,,,,,,,,,,,,,,,,,,,,,,,,
,,,,,,,,,,,,,,,,,,,,,,,,,,,,,,
,,,,,,,,,,,,,,,,,,,,,,,,,,,,,,
,,,,,,,,,,,,,,,,,,,,,,,,,,,,,,
,,,,,,,,,,,,,,,,,,,,,,,,,,,,,,
,,,,,,,,,,,,,,,,,,,,,,,,,,,,,,
,,,,,,,,,,,,,,,,,,,,,,,,,,,,,,
,,,,,,,,,,,,,,,,,,,,,,,,,,,,,,
,,,,,,,,,,,,,,,,,,,,,,,,,,,,,,
,,,,,,,,,,,,,,,,,,,,,,,,,,,,,,
,,,,,,,,,,,,,,,,,,,,,,,,,,,,,,
,,,,,,,,,,,,,,,,,,,,,,,,,,,,,,
,,,,,,,,,,,,,,,,,,,,,,,,,,,,,,
,,,,,,,,,,,,,,,,,,,,,,,,,,,,,,
,,,,,,,,,,,,,,,,,,,,,,,,,,,,,,
,,,,,,,,,,,,,,,,,,,,,,,,,,,,,,
,,,,,,,,,,,,,,,,,,,,,,,,,,,,,,
,,,,,,,,,,,,,,,,,,,,,,,,,,,,,,
,,,,,,,,,,,,,,,,,,,,,,,,,,,,,,
,,,,,,,,,,,,,,,,,,,,,,,,,,,,,,
,,,,,,,,,,,,,,,,,,,,,,,,,,,,,,
,,,,,,,,,,,,,,,,,,,,,,,,,,,,,,
,,,,,,,,,,,,,,,,,,,,,,,,,,,,,,
,,,,,,,,,,,,,,,,,,,,,,,,,,,,,,
,,,,,,,,,,,,,,,,,,,,,,,,,,,,,,
,,,,,,,,,,,,,,,,,,,,,,,,,,,,,,
,,,,,,,,,,,,,,,,,,,,,,,,,,,,,,
,,,,,,,,,,,,,,,,,,,,,,,,,,,,,,
,,,,,,,,,,,,,,,,,,,,,,,,,,,,,,
,,,,,,,,,,,,,,,,,,,,,,,,,,,,,,
,,,,,,,,,,,,,,,,,,,,,,,,,,,,,,
,,,,,,,,,,,,,,,,,,,,,,,,,,,,,,
,,,,,,,,,,,,,,,,,,,,,,,,,,,,,,
,,,,,,,,,,,,,,,,,,,,,,,,,,,,,,
,,,,,,,,,,,,,,,,,,,,,,,,,,,,,,
,,,,,,,,,,,,,,,,,,,,,,,,,,,,,,
,,,,,,,,,,,,,,,,,,,,,,,,,,,,,,
,,,,,,,,,,,,,,,,,,,,,,,,,,,,,,
,,,,,,,,,,,,,,,,,,,,,,,,,,,,,,
,,,,,,,,,,,,,,,,,,,,,,,,,,,,,,
,,,,,,,,,,,,,,,,,,,,,,,,,,,,,,
,,,,,,,,,,,,,,,,,,,,,,,,,,,,,,
,,,,,,,,,,,,,,,,,,,,,,,,,,,,,,
,,,,,,,,,,,,,,,,,,,,,,,,,,,,,,
,,,,,,,,,,,,,,,,,,,,,,,,,,,,,,
,,,,,,,,,,,,,,,,,,,,,,,,,,,,,,
,,,,,,,,,,,,,,,,,,,,,,,,,,,,,,
,,,,,,,,,,,,,,,,,,,,,,,,,,,,,,
,,,,,,,,,,,,,,,,,,,,,,,,,,,,,,
,,,,,,,,,,,,,,,,,,,,,,,,,,,,,,
,,,,,,,,,,,,,,,,,,,,,,,,,,,,,,
,,,,,,,,,,,,,,,,,,,,,,,,,,,,,,
,,,,,,,,,,,,,,,,,,,,,,,,,,,,,,
,,,,,,,,,,,,,,,,,,,,,,,,,,,,,,
,,,,,,,,,,,,,,,,,,,,,,,,,,,,,,
,,,,,,,,,,,,,,,,,,,,,,,,,,,,,,
,,,,,,,,,,,,,,,,,,,,,,,,,,,,,,
,,,,,,,,,,,,,,,,,,,,,,,,,,,,,,
,,,,,,,,,,,,,,,,,,,,,,,,,,,,,,
,,,,,,,,,,,,,,,,,,,,,,,,,,,,,,
,,,,,,,,,,,,,,,,,,,,,,,,,,,,,,
,,,,,,,,,,,,,,,,,,,,,,,,,,,,,,
,,,,,,,,,,,,,,,,,,,,,,,,,,,,,,
,,,,,,,,,,,,,,,,,,,,,,,,,,,,,,
,,,,,,,,,,,,,,,,,,,,,,,,,,,,,,
,,,,,,,,,,,,,,,,,,,,,,,,,,,,,,
,,,,,,,,,,,,,,,,,,,,,,,,,,,,,,
,,,,,,,,,,,,,,,,,,,,,,,,,,,,,,
,,,,,,,,,,,,,,,,,,,,,,,,,,,,,,
,,,,,,,,,,,,,,,,,,,,,,,,,,,,,,
,,,,,,,,,,,,,,,,,,,,,,,,,,,,,,
,,,,,,,,,,,,,,,,,,,,,,,,,,,,,,
,,,,,,,,,,,,,,,,,,,,,,,,,,,,,,
,,,,,,,,,,,,,,,,,,,,,,,,,,,,,,
,,,,,,,,,,,,,,,,,,,,,,,,,,,,,,
,,,,,,,,,,,,,,,,,,,,,,,,,,,,,,
,,,,,,,,,,,,,,,,,,,,,,,,,,,,,,
,,,,,,,,,,,,,,,,,,,,,,,,,,,,,,
,,,,,,,,,,,,,,,,,,,,,,,,,,,,,,
,,,,,,,,,,,,,,,,,,,,,,,,,,,,,,
,,,,,,,,,,,,,,,,,,,,,,,,,,,,,,
,,,,,,,,,,,,,,,,,,,,,,,,,,,,,,
,,,,,,,,,,,,,,,,,,,,,,,,,,,,,,
,,,,,,,,,,,,,,,,,,,,,,,,,,,,,,
,,,,,,,,,,,,,,,,,,,,,,,,,,,,,,
,,,,,,,,,,,,,,,,,,,,,,,,,,,,,,
,,,,,,,,,,,,,,,,,,,,,,,,,,,,,,
,,,,,,,,,,,,,,,,,,,,,,,,,,,,,,
,,,,,,,,,,,,,,,,,,,,,,,,,,,,,,
,,,,,,,,,,,,,,,,,,,,,,,,,,,,,,
,,,,,,,,,,,,,,,,,,,,,,,,,,,,,,
,,,,,,,,,,,,,,,,,,,,,,,,,,,,,,
,,,,,,,,,,,,,,,,,,,,,,,,,,,,,,
,,,,,,,,,,,,,,,,,,,,,,,,,,,,,,
,,,,,,,,,,,,,,,,,,,,,,,,,,,,,,
,,,,,,,,,,,,,,,,,,,,,,,,,,,,,,
,,,,,,,,,,,,,,,,,,,,,,,,,,,,,,
,,,,,,,,,,,,,,,,,,,,,,,,,,,,,,
,,,,,,,,,,,,,,,,,,,,,,,,,,,,,,
,,,,,,,,,,,,,,,,,,,,,,,,,,,,,,
,,,,,,,,,,,,,,,,,,,,,,,,,,,,,,
,,,,,,,,,,,,,,,,,,,,,,,,,,,,,,
,,,,,,,,,,,,,,,,,,,,,,,,,,,,,,
,,,,,,,,,,,,,,,,,,,,,,,,,,,,,,
,,,,,,,,,,,,,,,,,,,,,,,,,,,,,,
,,,,,,,,,,,,,,,,,,,,,,,,,,,,,,
,,,,,,,,,,,,,,,,,,,,,,,,,,,,,,
,,,,,,,,,,,,,,,,,,,,,,,,,,,,,,
,,,,,,,,,,,,,,,,,,,,,,,,,,,,,,
,,,,,,,,,,,,,,,,,,,,,,,,,,,,,,
,,,,,,,,,,,,,,,,,,,,,,,,,,,,,,
,,,,,,,,,,,,,,,,,,,,,,,,,,,,,,
,,,,,,,,,,,,,,,,,,,,,,,,,,,,,,
,,,,,,,,,,,,,,,,,,,,,,,,,,,,,,
,,,,,,,,,,,,,,,,,,,,,,,,,,,,,,
,,,,,,,,,,,,,,,,,,,,,,,,,,,,,,
,,,,,,,,,,,,,,,,,,,,,,,,,,,,,,
,,,,,,,,,,,,,,,,,,,,,,,,,,,,,,
,,,,,,,,,,,,,,,,,,,,,,,,,,,,,,
,,,,,,,,,,,,,,,,,,,,,,,,,,,,,,
,,,,,,,,,,,,,,,,,,,,,,,,,,,,,,
,,,,,,,,,,,,,,,,,,,,,,,,,,,,,,
,,,,,,,,,,,,,,,,,,,,,,,,,,,,,,
,,,,,,,,,,,,,,,,,,,,,,,,,,,,,,
,,,,,,,,,,,,,,,,,,,,,,,,,,,,,,
,,,,,,,,,,,,,,,,,,,,,,,,,,,,,,
,,,,,,,,,,,,,,,,,,,,,,,,,,,,,,
,,,,,,,,,,,,,,,,,,,,,,,,,,,,,,
,,,,,,,,,,,,,,,,,,,,,,,,,,,,,,
,,,,,,,,,,,,,,,,,,,,,,,,,,,,,,
,,,,,,,,,,,,,,,,,,,,,,,,,,,,,,
,,,,,,,,,,,,,,,,,,,,,,,,,,,,,,
,,,,,,,,,,,,,,,,,,,,,,,,,,,,,,
,,,,,,,,,,,,,,,,,,,,,,,,,,,,,,
,,,,,,,,,,,,,,,,,,,,,,,,,,,,,,
,,,,,,,,,,,,,,,,,,,,,,,,,,,,,,
,,,,,,,,,,,,,,,,,,,,,,,,,,,,,,
,,,,,,,,,,,,,,,,,,,,,,,,,,,,,,
,,,,,,,,,,,,,,,,,,,,,,,,,,,,,,
,,,,,,,,,,,,,,,,,,,,,,,,,,,,,,
,,,,,,,,,,,,,,,,,,,,,,,,,,,,,,
,,,,,,,,,,,,,,,,,,,,,,,,,,,,,,
,,,,,,,,,,,,,,,,,,,,,,,,,,,,,,
,,,,,,,,,,,,,,,,,,,,,,,,,,,,,,
,,,,,,,,,,,,,,,,,,,,,,,,,,,,,,
,,,,,,,,,,,,,,,,,,,,,,,,,,,,,,
,,,,,,,,,,,,,,,,,,,,,,,,,,,,,,
,,,,,,,,,,,,,,,,,,,,,,,,,,,,,,
,,,,,,,,,,,,,,,,,,,,,,,,,,,,,,
,,,,,,,,,,,,,,,,,,,,,,,,,,,,,,
,,,,,,,,,,,,,,,,,,,,,,,,,,,,,,
,,,,,,,,,,,,,,,,,,,,,,,,,,,,,,
,,,,,,,,,,,,,,,,,,,,,,,,,,,,,,
,,,,,,,,,,,,,,,,,,,,,,,,,,,,,,
,,,,,,,,,,,,,,,,,,,,,,,,,,,,,,
,,,,,,,,,,,,,,,,,,,,,,,,,,,,,,
,,,,,,,,,,,,,,,,,,,,,,,,,,,,,,
,,,,,,,,,,,,,,,,,,,,,,,,,,,,,,
,,,,,,,,,,,,,,,,,,,,,,,,,,,,,,
,,,,,,,,,,,,,,,,,,,,,,,,,,,,,,
,,,,,,,,,,,,,,,,,,,,,,,,,,,,,,
,,,,,,,,,,,,,,,,,,,,,,,,,,,,,,
,,,,,,,,,,,,,,,,,,,,,,,,,,,,,,
,,,,,,,,,,,,,,,,,,,,,,,,,,,,,,
,,,,,,,,,,,,,,,,,,,,,,,,,,,,,,
,,,,,,,,,,,,,,,,,,,,,,,,,,,,,,
,,,,,,,,,,,,,,,,,,,,,,,,,,,,,,
,,,,,,,,,,,,,,,,,,,,,,,,,,,,,,
,,,,,,,,,,,,,,,,,,,,,,,,,,,,,,
,,,,,,,,,,,,,,,,,,,,,,,,,,,,,,
,,,,,,,,,,,,,,,,,,,,,,,,,,,,,,
,,,,,,,,,,,,,,,,,,,,,,,,,,,,,,
,,,,,,,,,,,,,,,,,,,,,,,,,,,,,,
,,,,,,,,,,,,,,,,,,,,,,,,,,,,,,
,,,,,,,,,,,,,,,,,,,,,,,,,,,,,,
,,,,,,,,,,,,,,,,,,,,,,,,,,,,,,
,,,,,,,,,,,,,,,,,,,,,,,,,,,,,,
,,,,,,,,,,,,,,,,,,,,,,,,,,,,,,
,,,,,,,,,,,,,,,,,,,,,,,,,,,,,,
,,,,,,,,,,,,,,,,,,,,,,,,,,,,,,
,,,,,,,,,,,,,,,,,,,,,,,,,,,,,,
,,,,,,,,,,,,,,,,,,,,,,,,,,,,,,
,,,,,,,,,,,,,,,,,,,,,,,,,,,,,,
,,,,,,,,,,,,,,,,,,,,,,,,,,,,,,
,,,,,,,,,,,,,,,,,,,,,,,,,,,,,,
,,,,,,,,,,,,,,,,,,,,,,,,,,,,,,
,,,,,,,,,,,,,,,,,,,,,,,,,,,,,,
,,,,,,,,,,,,,,,,,,,,,,,,,,,,,,
,,,,,,,,,,,,,,,,,,,,,,,,,,,,,,
,,,,,,,,,,,,,,,,,,,,,,,,,,,,,,
,,,,,,,,,,,,,,,,,,,,,,,,,,,,,,
,,,,,,,,,,,,,,,,,,,,,,,,,,,,,,
,,,,,,,,,,,,,,,,,,,,,,,,,,,,,,
,,,,,,,,,,,,,,,,,,,,,,,,,,,,,,
,,,,,,,,,,,,,,,,,,,,,,,,,,,,,,
,,,,,,,,,,,,,,,,,,,,,,,,,,,,,,
,,,,,,,,,,,,,,,,,,,,,,,,,,,,,,
,,,,,,,,,,,,,,,,,,,,,,,,,,,,,,
,,,,,,,,,,,,,,,,,,,,,,,,,,,,,,
,,,,,,,,,,,,,,,,,,,,,,,,,,,,,,
,,,,,,,,,,,,,,,,,,,,,,,,,,,,,,
,,,,,,,,,,,,,,,,,,,,,,,,,,,,,,
,,,,,,,,,,,,,,,,,,,,,,,,,,,,,,
,,,,,,,,,,,,,,,,,,,,,,,,,,,,,,
,,,,,,,,,,,,,,,,,,,,,,,,,,,,,,
,,,,,,,,,,,,,,,,,,,,,,,,,,,,,,
,,,,,,,,,,,,,,,,,,,,,,,,,,,,,,
,,,,,,,,,,,,,,,,,,,,,,,,,,,,,,
,,,,,,,,,,,,,,,,,,,,,,,,,,,,,,
,,,,,,,,,,,,,,,,,,,,,,,,,,,,,,
,,,,,,,,,,,,,,,,,,,,,,,,,,,,,,
,,,,,,,,,,,,,,,,,,,,,,,,,,,,,,
,,,,,,,,,,,,,,,,,,,,,,,,,,,,,,
,,,,,,,,,,,,,,,,,,,,,,,,,,,,,,
,,,,,,,,,,,,,,,,,,,,,,,,,,,,,,
,,,,,,,,,,,,,,,,,,,,,,,,,,,,,,
,,,,,,,,,,,,,,,,,,,,,,,,,,,,,,
,,,,,,,,,,,,,,,,,,,,,,,,,,,,,,
,,,,,,,,,,,,,,,,,,,,,,,,,,,,,,
,,,,,,,,,,,,,,,,,,,,,,,,,,,,,,
,,,,,,,,,,,,,,,,,,,,,,,,,,,,,,
,,,,,,,,,,,,,,,,,,,,,,,,,,,,,,
,,,,,,,,,,,,,,,,,,,,,,,,,,,,,,
,,,,,,,,,,,,,,,,,,,,,,,,,,,,,,
,,,,,,,,,,,,,,,,,,,,,,,,,,,,,,
,,,,,,,,,,,,,,,,,,,,,,,,,,,,,,
,,,,,,,,,,,,,,,,,,,,,,,,,,,,,,
,,,,,,,,,,,,,,,,,,,,,,,,,,,,,,
,,,,,,,,,,,,,,,,,,,,,,,,,,,,,,
,,,,,,,,,,,,,,,,,,,,,,,,,,,,,,
,,,,,,,,,,,,,,,,,,,,,,,,,,,,,,
,,,,,,,,,,,,,,,,,,,,,,,,,,,,,,
,,,,,,,,,,,,,,,,,,,,,,,,,,,,,,
,,,,,,,,,,,,,,,,,,,,,,,,,,,,,,
,,,,,,,,,,,,,,,,,,,,,,,,,,,,,,
,,,,,,,,,,,,,,,,,,,,,,,,,,,,,,
,,,,,,,,,,,,,,,,,,,,,,,,,,,,,,
,,,,,,,,,,,,,,,,,,,,,,,,,,,,,,
,,,,,,,,,,,,,,,,,,,,,,,,,,,,,,
,,,,,,,,,,,,,,,,,,,,,,,,,,,,,,
,,,,,,,,,,,,,,,,,,,,,,,,,,,,,,
,,,,,,,,,,,,,,,,,,,,,,,,,,,,,,
,,,,,,,,,,,,,,,,,,,,,,,,,,,,,,
,,,,,,,,,,,,,,,,,,,,,,,,,,,,,,
,,,,,,,,,,,,,,,,,,,,,,,,,,,,,,
,,,,,,,,,,,,,,,,,,,,,,,,,,,,,,
,,,,,,,,,,,,,,,,,,,,,,,,,,,,,,
,,,,,,,,,,,,,,,,,,,,,,,,,,,,,,
,,,,,,,,,,,,,,,,,,,,,,,,,,,,,,
,,,,,,,,,,,,,,,,,,,,,,,,,,,,,,
,,,,,,,,,,,,,,,,,,,,,,,,,,,,,,
,,,,,,,,,,,,,,,,,,,,,,,,,,,,,,
,,,,,,,,,,,,,,,,,,,,,,,,,,,,,,
,,,,,,,,,,,,,,,,,,,,,,,,,,,,,,
,,,,,,,,,,,,,,,,,,,,,,,,,,,,,,
,,,,,,,,,,,,,,,,,,,,,,,,,,,,,,
,,,,,,,,,,,,,,,,,,,,,,,,,,,,,,
,,,,,,,,,,,,,,,,,,,,,,,,,,,,,,
,,,,,,,,,,,,,,,,,,,,,,,,,,,,,,
,,,,,,,,,,,,,,,,,,,,,,,,,,,,,,
,,,,,,,,,,,,,,,,,,,,,,,,,,,,,,
,,,,,,,,,,,,,,,,,,,,,,,,,,,,,,
,,,,,,,,,,,,,,,,,,,,,,,,,,,,,,
,,,,,,,,,,,,,,,,,,,,,,,,,,,,,,
,,,,,,,,,,,,,,,,,,,,,,,,,,,,,,
,,,,,,,,,,,,,,,,,,,,,,,,,,,,,,
,,,,,,,,,,,,,,,,,,,,,,,,,,,,,,
,,,,,,,,,,,,,,,,,,,,,,,,,,,,,,
,,,,,,,,,,,,,,,,,,,,,,,,,,,,,,
,,,,,,,,,,,,,,,,,,,,,,,,,,,,,,
,,,,,,,,,,,,,,,,,,,,,,,,,,,,,,
,,,,,,,,,,,,,,,,,,,,,,,,,,,,,,
,,,,,,,,,,,,,,,,,,,,,,,,,,,,,,
,,,,,,,,,,,,,,,,,,,,,,,,,,,,,,
,,,,,,,,,,,,,,,,,,,,,,,,,,,,,,
,,,,,,,,,,,,,,,,,,,,,,,,,,,,,,
,,,,,,,,,,,,,,,,,,,,,,,,,,,,,,
,,,,,,,,,,,,,,,,,,,,,,,,,,,,,,
,,,,,,,,,,,,,,,,,,,,,,,,,,,,,,
,,,,,,,,,,,,,,,,,,,,,,,,,,,,,,
,,,,,,,,,,,,,,,,,,,,,,,,,,,,,,
,,,,,,,,,,,,,,,,,,,,,,,,,,,,,,
,,,,,,,,,,,,,,,,,,,,,,,,,,,,,,
,,,,,,,,,,,,,,,,,,,,,,,,,,,,,,
,,,,,,,,,,,,,,,,,,,,,,,,,,,,,,
,,,,,,,,,,,,,,,,,,,,,,,,,,,,,,
,,,,,,,,,,,,,,,,,,,,,,,,,,,,,,
,,,,,,,,,,,,,,,,,,,,,,,,,,,,,,
,,,,,,,,,,,,,,,,,,,,,,,,,,,,,,
,,,,,,,,,,,,,,,,,,,,,,,,,,,,,,
,,,,,,,,,,,,,,,,,,,,,,,,,,,,,,
,,,,,,,,,,,,,,,,,,,,,,,,,,,,,,
,,,,,,,,,,,,,,,,,,,,,,,,,,,,,,
,,,,,,,,,,,,,,,,,,,,,,,,,,,,,,
,,,,,,,,,,,,,,,,,,,,,,,,,,,,,,
,,,,,,,,,,,,,,,,,,,,,,,,,,,,,,
,,,,,,,,,,,,,,,,,,,,,,,,,,,,,,
,,,,,,,,,,,,,,,,,,,,,,,,,,,,,,
,,,,,,,,,,,,,,,,,,,,,,,,,,,,,,
,,,,,,,,,,,,,,,,,,,,,,,,,,,,,,
,,,,,,,,,,,,,,,,,,,,,,,,,,,,,,
,,,,,,,,,,,,,,,,,,,,,,,,,,,,,,
,,,,,,,,,,,,,,,,,,,,,,,,,,,,,,
,,,,,,,,,,,,,,,,,,,,,,,,,,,,,,
,,,,,,,,,,,,,,,,,,,,,,,,,,,,,,
,,,,,,,,,,,,,,,,,,,,,,,,,,,,,,
,,,,,,,,,,,,,,,,,,,,,,,,,,,,,,
,,,,,,,,,,,,,,,,,,,,,,,,,,,,,,
,,,,,,,,,,,,,,,,,,,,,,,,,,,,,,
,,,,,,,,,,,,,,,,,,,,,,,,,,,,,,
,,,,,,,,,,,,,,,,,,,,,,,,,,,,,,
,,,,,,,,,,,,,,,,,,,,,,,,,,,,,,
,,,,,,,,,,,,,,,,,,,,,,,,,,,,,,
,,,,,,,,,,,,,,,,,,,,,,,,,,,,,,
,,,,,,,,,,,,,,,,,,,,,,,,,,,,,,
,,,,,,,,,,,,,,,,,,,,,,,,,,,,,,
,,,,,,,,,,,,,,,,,,,,,,,,,,,,,,
,,,,,,,,,,,,,,,,,,,,,,,,,,,,,,
,,,,,,,,,,,,,,,,,,,,,,,,,,,,,,
,,,,,,,,,,,,,,,,,,,,,,,,,,,,,,
,,,,,,,,,,,,,,,,,,,,,,,,,,,,,,
,,,,,,,,,,,,,,,,,,,,,,,,,,,,,,
,,,,,,,,,,,,,,,,,,,,,,,,,,,,,,
,,,,,,,,,,,,,,,,,,,,,,,,,,,,,,
,,,,,,,,,,,,,,,,,,,,,,,,,,,,,,
,,,,,,,,,,,,,,,,,,,,,,,,,,,,,,
,,,,,,,,,,,,,,,,,,,,,,,,,,,,,,
,,,,,,,,,,,,,,,,,,,,,,,,,,,,,,
,,,,,,,,,,,,,,,,,,,,,,,,,,,,,,
,,,,,,,,,,,,,,,,,,,,,,,,,,,,,,
,,,,,,,,,,,,,,,,,,,,,,,,,,,,,,
,,,,,,,,,,,,,,,,,,,,,,,,,,,,,,
,,,,,,,,,,,,,,,,,,,,,,,,,,,,,,
,,,,,,,,,,,,,,,,,,,,,,,,,,,,,,
,,,,,,,,,,,,,,,,,,,,,,,,,,,,,,
,,,,,,,,,,,,,,,,,,,,,,,,,,,,,,
,,,,,,,,,,,,,,,,,,,,,,,,,,,,,,
,,,,,,,,,,,,,,,,,,,,,,,,,,,,,,
,,,,,,,,,,,,,,,,,,,,,,,,,,,,,,
,,,,,,,,,,,,,,,,,,,,,,,,,,,,,,
,,,,,,,,,,,,,,,,,,,,,,,,,,,,,,
,,,,,,,,,,,,,,,,,,,,,,,,,,,,,,
,,,,,,,,,,,,,,,,,,,,,,,,,,,,,,
,,,,,,,,,,,,,,,,,,,,,,,,,,,,,,
,,,,,,,,,,,,,,,,,,,,,,,,,,,,,,
,,,,,,,,,,,,,,,,,,,,,,,,,,,,,,
,,,,,,,,,,,,,,,,,,,,,,,,,,,,,,
,,,,,,,,,,,,,,,,,,,,,,,,,,,,,,
,,,,,,,,,,,,,,,,,,,,,,,,,,,,,,
,,,,,,,,,,,,,,,,,,,,,,,,,,,,,,
,,,,,,,,,,,,,,,,,,,,,,,,,,,,,,
,,,,,,,,,,,,,,,,,,,,,,,,,,,,,,
,,,,,,,,,,,,,,,,,,,,,,,,,,,,,,
,,,,,,,,,,,,,,,,,,,,,,,,,,,,,,
,,,,,,,,,,,,,,,,,,,,,,,,,,,,,,
,,,,,,,,,,,,,,,,,,,,,,,,,,,,,,
,,,,,,,,,,,,,,,,,,,,,,,,,,,,,,
,,,,,,,,,,,,,,,,,,,,,,,,,,,,,,
,,,,,,,,,,,,,,,,,,,,,,,,,,,,,,
,,,,,,,,,,,,,,,,,,,,,,,,,,,,,,
,,,,,,,,,,,,,,,,,,,,,,,,,,,,,,
,,,,,,,,,,,,,,,,,,,,,,,,,,,,,,
,,,,,,,,,,,,,,,,,,,,,,,,,,,,,,
,,,,,,,,,,,,,,,,,,,,,,,,,,,,,,
,,,,,,,,,,,,,,,,,,,,,,,,,,,,,,
,,,,,,,,,,,,,,,,,,,,,,,,,,,,,,
,,,,,,,,,,,,,,,,,,,,,,,,,,,,,,
,,,,,,,,,,,,,,,,,,,,,,,,,,,,,,
,,,,,,,,,,,,,,,,,,,,,,,,,,,,,,
,,,,,,,,,,,,,,,,,,,,,,,,,,,,,,
,,,,,,,,,,,,,,,,,,,,,,,,,,,,,,
,,,,,,,,,,,,,,,,,,,,,,,,,,,,,,
,,,,,,,,,,,,,,,,,,,,,,,,,,,,,,
,,,,,,,,,,,,,,,,,,,,,,,,,,,,,,
,,,,,,,,,,,,,,,,,,,,,,,,,,,,,,
,,,,,,,,,,,,,,,,,,,,,,,,,,,,,,
,,,,,,,,,,,,,,,,,,,,,,,,,,,,,,
,,,,,,,,,,,,,,,,,,,,,,,,,,,,,,
,,,,,,,,,,,,,,,,,,,,,,,,,,,,,,
,,,,,,,,,,,,,,,,,,,,,,,,,,,,,,
,,,,,,,,,,,,,,,,,,,,,,,,,,,,,,
,,,,,,,,,,,,,,,,,,,,,,,,,,,,,,
,,,,,,,,,,,,,,,,,,,,,,,,,,,,,,
,,,,,,,,,,,,,,,,,,,,,,,,,,,,,,
,,,,,,,,,,,,,,,,,,,,,,,,,,,,,,
,,,,,,,,,,,,,,,,,,,,,,,,,,,,,,
,,,,,,,,,,,,,,,,,,,,,,,,,,,,,,
,,,,,,,,,,,,,,,,,,,,,,,,,,,,,,
,,,,,,,,,,,,,,,,,,,,,,,,,,,,,,
,,,,,,,,,,,,,,,,,,,,,,,,,,,,,,
,,,,,,,,,,,,,,,,,,,,,,,,,,,,,,
,,,,,,,,,,,,,,,,,,,,,,,,,,,,,,
,,,,,,,,,,,,,,,,,,,,,,,,,,,,,,
,,,,,,,,,,,,,,,,,,,,,,,,,,,,,,
,,,,,,,,,,,,,,,,,,,,,,,,,,,,,,
,,,,,,,,,,,,,,,,,,,,,,,,,,,,,,
,,,,,,,,,,,,,,,,,,,,,,,,,,,,,,
,,,,,,,,,,,,,,,,,,,,,,,,,,,,,,
,,,,,,,,,,,,,,,,,,,,,,,,,,,,,,
,,,,,,,,,,,,,,,,,,,,,,,,,,,,,,
,,,,,,,,,,,,,,,,,,,,,,,,,,,,,,
,,,,,,,,,,,,,,,,,,,,,,,,,,,,,,
,,,,,,,,,,,,,,,,,,,,,,,,,,,,,,
,,,,,,,,,,,,,,,,,,,,,,,,,,,,,,
,,,,,,,,,,,,,,,,,,,,,,,,,,,,,,
,,,,,,,,,,,,,,,,,,,,,,,,,,,,,,
,,,,,,,,,,,,,,,,,,,,,,,,,,,,,,
,,,,,,,,,,,,,,,,,,,,,,,,,,,,,,
,,,,,,,,,,,,,,,,,,,,,,,,,,,,,,
,,,,,,,,,,,,,,,,,,,,,,,,,,,,,,
,,,,,,,,,,,,,,,,,,,,,,,,,,,,,,
,,,,,,,,,,,,,,,,,,,,,,,,,,,,,,
,,,,,,,,,,,,,,,,,,,,,,,,,,,,,,
,,,,,,,,,,,,,,,,,,,,,,,,,,,,,,
,,,,,,,,,,,,,,,,,,,,,,,,,,,,,,
,,,,,,,,,,,,,,,,,,,,,,,,,,,,,,
,,,,,,,,,,,,,,,,,,,,,,,,,,,,,,
,,,,,,,,,,,,,,,,,,,,,,,,,,,,,,
,,,,,,,,,,,,,,,,,,,,,,,,,,,,,,
,,,,,,,,,,,,,,,,,,,,,,,,,,,,,,
,,,,,,,,,,,,,,,,,,,,,,,,,,,,,,
,,,,,,,,,,,,,,,,,,,,,,,,,,,,,,
,,,,,,,,,,,,,,,,,,,,,,,,,,,,,,
,,,,,,,,,,,,,,,,,,,,,,,,,,,,,,
,,,,,,,,,,,,,,,,,,,,,,,,,,,,,,
,,,,,,,,,,,,,,,,,,,,,,,,,,,,,,
,,,,,,,,,,,,,,,,,,,,,,,,,,,,,,
,,,,,,,,,,,,,,,,,,,,,,,,,,,,,,
,,,,,,,,,,,,,,,,,,,,,,,,,,,,,,
,,,,,,,,,,,,,,,,,,,,,,,,,,,,,,
,,,,,,,,,,,,,,,,,,,,,,,,,,,,,,
,,,,,,,,,,,,,,,,,,,,,,,,,,,,,,
,,,,,,,,,,,,,,,,,,,,,,,,,,,,,,
,,,,,,,,,,,,,,,,,,,,,,,,,,,,,,
,,,,,,,,,,,,,,,,,,,,,,,,,,,,,,
,,,,,,,,,,,,,,,,,,,,,,,,,,,,,,
,,,,,,,,,,,,,,,,,,,,,,,,,,,,,,
,,,,,,,,,,,,,,,,,,,,,,,,,,,,,,
,,,,,,,,,,,,,,,,,,,,,,,,,,,,,,
,,,,,,,,,,,,,,,,,,,,,,,,,,,,,,
,,,,,,,,,,,,,,,,,,,,,,,,,,,,,,
,,,,,,,,,,,,,,,,,,,,,,,,,,,,,,
,,,,,,,,,,,,,,,,,,,,,,,,,,,,,,
,,,,,,,,,,,,,,,,,,,,,,,,,,,,,,
,,,,,,,,,,,,,,,,,,,,,,,,,,,,,,
,,,,,,,,,,,,,,,,,,,,,,,,,,,,,,
,,,,,,,,,,,,,,,,,,,,,,,,,,,,,,
,,,,,,,,,,,,,,,,,,,,,,,,,,,,,,
,,,,,,,,,,,,,,,,,,,,,,,,,,,,,,
,,,,,,,,,,,,,,,,,,,,,,,,,,,,,,
,,,,,,,,,,,,,,,,,,,,,,,,,,,,,,
,,,,,,,,,,,,,,,,,,,,,,,,,,,,,,
,,,,,,,,,,,,,,,,,,,,,,,,,,,,,,
,,,,,,,,,,,,,,,,,,,,,,,,,,,,,,
,,,,,,,,,,,,,,,,,,,,,,,,,,,,,,
,,,,,,,,,,,,,,,,,,,,,,,,,,,,,,
,,,,,,,,,,,,,,,,,,,,,,,,,,,,,,
,,,,,,,,,,,,,,,,,,,,,,,,,,,,,,
,,,,,,,,,,,,,,,,,,,,,,,,,,,,,,
,,,,,,,,,,,,,,,,,,,,,,,,,,,,,,
,,,,,,,,,,,,,,,,,,,,,,,,,,,,,,
,,,,,,,,,,,,,,,,,,,,,,,,,,,,,,
,,,,,,,,,,,,,,,,,,,,,,,,,,,,,,
,,,,,,,,,,,,,,,,,,,,,,,,,,,,,,
,,,,,,,,,,,,,,,,,,,,,,,,,,,,,,
,,,,,,,,,,,,,,,,,,,,,,,,,,,,,,
,,,,,,,,,,,,,,,,,,,,,,,,,,,,,,
,,,,,,,,,,,,,,,,,,,,,,,,,,,,,,
,,,,,,,,,,,,,,,,,,,,,,,,,,,,,,
,,,,,,,,,,,,,,,,,,,,,,,,,,,,,,
,,,,,,,,,,,,,,,,,,,,,,,,,,,,,,
,,,,,,,,,,,,,,,,,,,,,,,,,,,,,,
,,,,,,,,,,,,,,,,,,,,,,,,,,,,,,
,,,,,,,,,,,,,,,,,,,,,,,,,,,,,,
,,,,,,,,,,,,,,,,,,,,,,,,,,,,,,
,,,,,,,,,,,,,,,,,,,,,,,,,,,,,,
,,,,,,,,,,,,,,,,,,,,,,,,,,,,,,
,,,,,,,,,,,,,,,,,,,,,,,,,,,,,,
,,,,,,,,,,,,,,,,,,,,,,,,,,,,,,
,,,,,,,,,,,,,,,,,,,,,,,,,,,,,,
,,,,,,,,,,,,,,,,,,,,,,,,,,,,,,
,,,,,,,,,,,,,,,,,,,,,,,,,,,,,,
,,,,,,,,,,,,,,,,,,,,,,,,,,,,,,
,,,,,,,,,,,,,,,,,,,,,,,,,,,,,,
,,,,,,,,,,,,,,,,,,,,,,,,,,,,,,
,,,,,,,,,,,,,,,,,,,,,,,,,,,,,,
,,,,,,,,,,,,,,,,,,,,,,,,,,,,,,
,,,,,,,,,,,,,,,,,,,,,,,,,,,,,,
,,,,,,,,,,,,,,,,,,,,,,,,,,,,,,
,,,,,,,,,,,,,,,,,,,,,,,,,,,,,,
,,,,,,,,,,,,,,,,,,,,,,,,,,,,,,
,,,,,,,,,,,,,,,,,,,,,,,,,,,,,,
,,,,,,,,,,,,,,,,,,,,,,,,,,,,,,
,,,,,,,,,,,,,,,,,,,,,,,,,,,,,,
,,,,,,,,,,,,,,,,,,,,,,,,,,,,,,
,,,,,,,,,,,,,,,,,,,,,,,,,,,,,,
,,,,,,,,,,,,,,,,,,,,,,,,,,,,,,
,,,,,,,,,,,,,,,,,,,,,,,,,,,,,,
,,,,,,,,,,,,,,,,,,,,,,,,,,,,,,
,,,,,,,,,,,,,,,,,,,,,,,,,,,,,,
,,,,,,,,,,,,,,,,,,,,,,,,,,,,,,
,,,,,,,,,,,,,,,,,,,,,,,,,,,,,,
,,,,,,,,,,,,,,,,,,,,,,,,,,,,,,
,,,,,,,,,,,,,,,,,,,,,,,,,,,,,,
,,,,,,,,,,,,,,,,,,,,,,,,,,,,,,
,,,,,,,,,,,,,,,,,,,,,,,,,,,,,,
,,,,,,,,,,,,,,,,,,,,,,,,,,,,,,
,,,,,,,,,,,,,,,,,,,,,,,,,,,,,,
,,,,,,,,,,,,,,,,,,,,,,,,,,,,,,
,,,,,,,,,,,,,,,,,,,,,,,,,,,,,,
,,,,,,,,,,,,,,,,,,,,,,,,,,,,,,
,,,,,,,,,,,,,,,,,,,,,,,,,,,,,,
,,,,,,,,,,,,,,,,,,,,,,,,,,,,,,
,,,,,,,,,,,,,,,,,,,,,,,,,,,,,,
,,,,,,,,,,,,,,,,,,,,,,,,,,,,,,
,,,,,,,,,,,,,,,,,,,,,,,,,,,,,,
,,,,,,,,,,,,,,,,,,,,,,,,,,,,,,
,,,,,,,,,,,,,,,,,,,,,,,,,,,,,,
,,,,,,,,,,,,,,,,,,,,,,,,,,,,,,
,,,,,,,,,,,,,,,,,,,,,,,,,,,,,,
,,,,,,,,,,,,,,,,,,,,,,,,,,,,,,
,,,,,,,,,,,,,,,,,,,,,,,,,,,,,,
,,,,,,,,,,,,,,,,,,,,,,,,,,,,,,
,,,,,,,,,,,,,,,,,,,,,,,,,,,,,,
,,,,,,,,,,,,,,,,,,,,,,,,,,,,,,
,,,,,,,,,,,,,,,,,,,,,,,,,,,,,,
,,,,,,,,,,,,,,,,,,,,,,,,,,,,,,
,,,,,,,,,,,,,,,,,,,,,,,,,,,,,,
,,,,,,,,,,,,,,,,,,,,,,,,,,,,,,
,,,,,,,,,,,,,,,,,,,,,,,,,,,,,,
,,,,,,,,,,,,,,,,,,,,,,,,,,,,,,
,,,,,,,,,,,,,,,,,,,,,,,,,,,,,,
,,,,,,,,,,,,,,,,,,,,,,,,,,,,,,
,,,,,,,,,,,,,,,,,,,,,,,,,,,,,,
,,,,,,,,,,,,,,,,,,,,,,,,,,,,,,
,,,,,,,,,,,,,,,,,,,,,,,,,,,,,,
,,,,,,,,,,,,,,,,,,,,,,,,,,,,,,
,,,,,,,,,,,,,,,,,,,,,,,,,,,,,,
,,,,,,,,,,,,,,,,,,,,,,,,,,,,,,
,,,,,,,,,,,,,,,,,,,,,,,,,,,,,,
,,,,,,,,,,,,,,,,,,,,,,,,,,,,,,
,,,,,,,,,,,,,,,,,,,,,,,,,,,,,,
,,,,,,,,,,,,,,,,,,,,,,,,,,,,,,
,,,,,,,,,,,,,,,,,,,,,,,,,,,,,,
,,,,,,,,,,,,,,,,,,,,,,,,,,,,,,
,,,,,,,,,,,,,,,,,,,,,,,,,,,,,,
,,,,,,,,,,,,,,,,,,,,,,,,,,,,,,
,,,,,,,,,,,,,,,,,,,,,,,,,,,,,,
,,,,,,,,,,,,,,,,,,,,,,,,,,,,,,
,,,,,,,,,,,,,,,,,,,,,,,,,,,,,,
,,,,,,,,,,,,,,,,,,,,,,,,,,,,,,
,,,,,,,,,,,,,,,,,,,,,,,,,,,,,,
,,,,,,,,,,,,,,,,,,,,,,,,,,,,,,
,,,,,,,,,,,,,,,,,,,,,,,,,,,,,,
,,,,,,,,,,,,,,,,,,,,,,,,,,,,,,
,,,,,,,,,,,,,,,,,,,,,,,,,,,,,,
,,,,,,,,,,,,,,,,,,,,,,,,,,,,,,
,,,,,,,,,,,,,,,,,,,,,,,,,,,,,,
,,,,,,,,,,,,,,,,,,,,,,,,,,,,,,
,,,,,,,,,,,,,,,,,,,,,,,,,,,,,,
,,,,,,,,,,,,,,,,,,,,,,,,,,,,,,
,,,,,,,,,,,,,,,,,,,,,,,,,,,,,,
,,,,,,,,,,,,,,,,,,,,,,,,,,,,,,
,,,,,,,,,,,,,,,,,,,,,,,,,,,,,,
,,,,,,,,,,,,,,,,,,,,,,,,,,,,,,
,,,,,,,,,,,,,,,,,,,,,,,,,,,,,,
,,,,,,,,,,,,,,,,,,,,,,,,,,,,,,
,,,,,,,,,,,,,,,,,,,,,,,,,,,,,,
,,,,,,,,,,,,,,,,,,,,,,,,,,,,,,
,,,,,,,,,,,,,,,,,,,,,,,,,,,,,,
,,,,,,,,,,,,,,,,,,,,,,,,,,,,,,
,,,,,,,,,,,,,,,,,,,,,,,,,,,,,,
,,,,,,,,,,,,,,,,,,,,,,,,,,,,,,
,,,,,,,,,,,,,,,,,,,,,,,,,,,,,,
,,,,,,,,,,,,,,,,,,,,,,,,,,,,,,
,,,,,,,,,,,,,,,,,,,,,,,,,,,,,,
,,,,,,,,,,,,,,,,,,,,,,,,,,,,,,
,,,,,,,,,,,,,,,,,,,,,,,,,,,,,,
,,,,,,,,,,,,,,,,,,,,,,,,,,,,,,
,,,,,,,,,,,,,,,,,,,,,,,,,,,,,,
,,,,,,,,,,,,,,,,,,,,,,,,,,,,,,
,,,,,,,,,,,,,,,,,,,,,,,,,,,,,,
,,,,,,,,,,,,,,,,,,,,,,,,,,,,,,
,,,,,,,,,,,,,,,,,,,,,,,,,,,,,,
,,,,,,,,,,,,,,,,,,,,,,,,,,,,,,
,,,,,,,,,,,,,,,,,,,,,,,,,,,,,,
,,,,,,,,,,,,,,,,,,,,,,,,,,,,,,
,,,,,,,,,,,,,,,,,,,,,,,,,,,,,,
,,,,,,,,,,,,,,,,,,,,,,,,,,,,,,
,,,,,,,,,,,,,,,,,,,,,,,,,,,,,,
,,,,,,,,,,,,,,,,,,,,,,,,,,,,,,
,,,,,,,,,,,,,,,,,,,,,,,,,,,,,,
,,,,,,,,,,,,,,,,,,,,,,,,,,,,,,
,,,,,,,,,,,,,,,,,,,,,,,,,,,,,,
,,,,,,,,,,,,,,,,,,,,,,,,,,,,,,
,,,,,,,,,,,,,,,,,,,,,,,,,,,,,,
,,,,,,,,,,,,,,,,,,,,,,,,,,,,,,
,,,,,,,,,,,,,,,,,,,,,,,,,,,,,,
,,,,,,,,,,,,,,,,,,,,,,,,,,,,,,
,,,,,,,,,,,,,,,,,,,,,,,,,,,,,,
,,,,,,,,,,,,,,,,,,,,,,,,,,,,,,
,,,,,,,,,,,,,,,,,,,,,,,,,,,,,,
,,,,,,,,,,,,,,,,,,,,,,,,,,,,,,
,,,,,,,,,,,,,,,,,,,,,,,,,,,,,,
,,,,,,,,,,,,,,,,,,,,,,,,,,,,,,
,,,,,,,,,,,,,,,,,,,,,,,,,,,,,,
,,,,,,,,,,,,,,,,,,,,,,,,,,,,,,
,,,,,,,,,,,,,,,,,,,,,,,,,,,,,,
,,,,,,,,,,,,,,,,,,,,,,,,,,,,,,
,,,,,,,,,,,,,,,,,,,,,,,,,,,,,,
,,,,,,,,,,,,,,,,,,,,,,,,,,,,,,
,,,,,,,,,,,,,,,,,,,,,,,,,,,,,,
,,,,,,,,,,,,,,,,,,,,,,,,,,,,,,
,,,,,,,,,,,,,,,,,,,,,,,,,,,,,,
,,,,,,,,,,,,,,,,,,,,,,,,,,,,,,
,,,,,,,,,,,,,,,,,,,,,,,,,,,,,,
,,,,,,,,,,,,,,,,,,,,,,,,,,,,,,
,,,,,,,,,,,,,,,,,,,,,,,,,,,,,,
,,,,,,,,,,,,,,,,,,,,,,,,,,,,,,
,,,,,,,,,,,,,,,,,,,,,,,,,,,,,,
,,,,,,,,,,,,,,,,,,,,,,,,,,,,,,
,,,,,,,,,,,,,,,,,,,,,,,,,,,,,,
,,,,,,,,,,,,,,,,,,,,,,,,,,,,,,
,,,,,,,,,,,,,,,,,,,,,,,,,,,,,,
,,,,,,,,,,,,,,,,,,,,,,,,,,,,,,
,,,,,,,,,,,,,,,,,,,,,,,,,,,,,,
,,,,,,,,,,,,,,,,,,,,,,,,,,,,,,
,,,,,,,,,,,,,,,,,,,,,,,,,,,,,,
,,,,,,,,,,,,,,,,,,,,,,,,,,,,,,
,,,,,,,,,,,,,,,,,,,,,,,,,,,,,,
,,,,,,,,,,,,,,,,,,,,,,,,,,,,,,
,,,,,,,,,,,,,,,,,,,,,,,,,,,,,,
,,,,,,,,,,,,,,,,,,,,,,,,,,,,,,
,,,,,,,,,,,,,,,,,,,,,,,,,,,,,,
,,,,,,,,,,,,,,,,,,,,,,,,,,,,,,
,,,,,,,,,,,,,,,,,,,,,,,,,,,,,,
,,,,,,,,,,,,,,,,,,,,,,,,,,,,,,
,,,,,,,,,,,,,,,,,,,,,,,,,,,,,,
,,,,,,,,,,,,,,,,,,,,,,,,,,,,,,
,,,,,,,,,,,,,,,,,,,,,,,,,,,,,,
,,,,,,,,,,,,,,,,,,,,,,,,,,,,,,
,,,,,,,,,,,,,,,,,,,,,,,,,,,,,,
,,,,,,,,,,,,,,,,,,,,,,,,,,,,,,
,,,,,,,,,,,,,,,,,,,,,,,,,,,,,,
,,,,,,,,,,,,,,,,,,,,,,,,,,,,,,
,,,,,,,,,,,,,,,,,,,,,,,,,,,,,,
,,,,,,,,,,,,,,,,,,,,,,,,,,,,,,
,,,,,,,,,,,,,,,,,,,,,,,,,,,,,,
,,,,,,,,,,,,,,,,,,,,,,,,,,,,,,
,,,,,,,,,,,,,,,,,,,,,,,,,,,,,,
,,,,,,,,,,,,,,,,,,,,,,,,,,,,,,
,,,,,,,,,,,,,,,,,,,,,,,,,,,,,,
,,,,,,,,,,,,,,,,,,,,,,,,,,,,,,
,,,,,,,,,,,,,,,,,,,,,,,,,,,,,,
,,,,,,,,,,,,,,,,,,,,,,,,,,,,,,
,,,,,,,,,,,,,,,,,,,,,,,,,,,,,,
,,,,,,,,,,,,,,,,,,,,,,,,,,,,,,
,,,,,,,,,,,,,,,,,,,,,,,,,,,,,,
,,,,,,,,,,,,,,,,,,,,,,,,,,,,,,
,,,,,,,,,,,,,,,,,,,,,,,,,,,,,,
,,,,,,,,,,,,,,,,,,,,,,,,,,,,,,
,,,,,,,,,,,,,,,,,,,,,,,,,,,,,,
,,,,,,,,,,,,,,,,,,,,,,,,,,,,,,
,,,,,,,,,,,,,,,,,,,,,,,,,,,,,,
,,,,,,,,,,,,,,,,,,,,,,,,,,,,,,
,,,,,,,,,,,,,,,,,,,,,,,,,,,,,,
,,,,,,,,,,,,,,,,,,,,,,,,,,,,,,
,,,,,,,,,,,,,,,,,,,,,,,,,,,,,,
,,,,,,,,,,,,,,,,,,,,,,,,,,,,,,
,,,,,,,,,,,,,,,,,,,,,,,,,,,,,,
,,,,,,,,,,,,,,,,,,,,,,,,,,,,,,
,,,,,,,,,,,,,,,,,,,,,,,,,,,,,,
,,,,,,,,,,,,,,,,,,,,,,,,,,,,,,
,,,,,,,,,,,,,,,,,,,,,,,,,,,,,,
,,,,,,,,,,,,,,,,,,,,,,,,,,,,,,
,,,,,,,,,,,,,,,,,,,,,,,,,,,,,,
,,,,,,,,,,,,,,,,,,,,,,,,,,,,,,
,,,,,,,,,,,,,,,,,,,,,,,,,,,,,,
,,,,,,,,,,,,,,,,,,,,,,,,,,,,,,
,,,,,,,,,,,,,,,,,,,,,,,,,,,,,,
,,,,,,,,,,,,,,,,,,,,,,,,,,,,,,
,,,,,,,,,,,,,,,,,,,,,,,,,,,,,,
,,,,,,,,,,,,,,,,,,,,,,,,,,,,,,
,,,,,,,,,,,,,,,,,,,,,,,,,,,,,,
,,,,,,,,,,,,,,,,,,,,,,,,,,,,,,
,,,,,,,,,,,,,,,,,,,,,,,,,,,,,,
,,,,,,,,,,,,,,,,,,,,,,,,,,,,,,
,,,,,,,,,,,,,,,,,,,,,,,,,,,,,,
,,,,,,,,,,,,,,,,,,,,,,,,,,,,,,
,,,,,,,,,,,,,,,,,,,,,,,,,,,,,,
,,,,,,,,,,,,,,,,,,,,,,,,,,,,,,
,,,,,,,,,,,,,,,,,,,,,,,,,,,,,,
,,,,,,,,,,,,,,,,,,,,,,,,,,,,,,
,,,,,,,,,,,,,,,,,,,,,,,,,,,,,,
,,,,,,,,,,,,,,,,,,,,,,,,,,,,,,
,,,,,,,,,,,,,,,,,,,,,,,,,,,,,,
,,,,,,,,,,,,,,,,,,,,,,,,,,,,,,
,,,,,,,,,,,,,,,,,,,,,,,,,,,,,,
,,,,,,,,,,,,,,,,,,,,,,,,,,,,,,
,,,,,,,,,,,,,,,,,,,,,,,,,,,,,,
,,,,,,,,,,,,,,,,,,,,,,,,,,,,,,
,,,,,,,,,,,,,,,,,,,,,,,,,,,,,,
,,,,,,,,,,,,,,,,,,,,,,,,,,,,,,
,,,,,,,,,,,,,,,,,,,,,,,,,,,,,,
,,,,,,,,,,,,,,,,,,,,,,,,,,,,,,
,,,,,,,,,,,,,,,,,,,,,,,,,,,,,,
,,,,,,,,,,,,,,,,,,,,,,,,,,,,,,
,,,,,,,,,,,,,,,,,,,,,,,,,,,,,,
,,,,,,,,,,,,,,,,,,,,,,,,,,,,,,
,,,,,,,,,,,,,,,,,,,,,,,,,,,,,,
,,,,,,,,,,,,,,,,,,,,,,,,,,,,,,
,,,,,,,,,,,,,,,,,,,,,,,,,,,,,,
,,,,,,,,,,,,,,,,,,,,,,,,,,,,,,
,,,,,,,,,,,,,,,,,,,,,,,,,,,,,,
,,,,,,,,,,,,,,,,,,,,,,,,,,,,,,
,,,,,,,,,,,,,,,,,,,,,,,,,,,,,,
,,,,,,,,,,,,,,,,,,,,,,,,,,,,,,
,,,,,,,,,,,,,,,,,,,,,,,,,,,,,,
,,,,,,,,,,,,,,,,,,,,,,,,,,,,,,
,,,,,,,,,,,,,,,,,,,,,,,,,,,,,,
,,,,,,,,,,,,,,,,,,,,,,,,,,,,,,
,,,,,,,,,,,,,,,,,,,,,,,,,,,,,,
,,,,,,,,,,,,,,,,,,,,,,,,,,,,,,
,,,,,,,,,,,,,,,,,,,,,,,,,,,,,,
,,,,,,,,,,,,,,,,,,,,,,,,,,,,,,
,,,,,,,,,,,,,,,,,,,,,,,,,,,,,,
,,,,,,,,,,,,,,,,,,,,,,,,,,,,,,
,,,,,,,,,,,,,,,,,,,,,,,,,,,,,,
,,,,,,,,,,,,,,,,,,,,,,,,,,,,,,
,,,,,,,,,,,,,,,,,,,,,,,,,,,,,,
,,,,,,,,,,,,,,,,,,,,,,,,,,,,,,
,,,,,,,,,,,,,,,,,,,,,,,,,,,,,,
,,,,,,,,,,,,,,,,,,,,,,,,,,,,,,
,,,,,,,,,,,,,,,,,,,,,,,,,,,,,,
,,,,,,,,,,,,,,,,,,,,,,,,,,,,,,
,,,,,,,,,,,,,,,,,,,,,,,,,,,,,,
,,,,,,,,,,,,,,,,,,,,,,,,,,,,,,
,,,,,,,,,,,,,,,,,,,,,,,,,,,,,,
,,,,,,,,,,,,,,,,,,,,,,,,,,,,,,
,,,,,,,,,,,,,,,,,,,,,,,,,,,,,,
,,,,,,,,,,,,,,,,,,,,,,,,,,,,,,
,,,,,,,,,,,,,,,,,,,,,,,,,,,,,,
,,,,,,,,,,,,,,,,,,,,,,,,,,,,,,
,,,,,,,,,,,,,,,,,,,,,,,,,,,,,,
,,,,,,,,,,,,,,,,,,,,,,,,,,,,,,
,,,,,,,,,,,,,,,,,,,,,,,,,,,,,,
,,,,,,,,,,,,,,,,,,,,,,,,,,,,,,
,,,,,,,,,,,,,,,,,,,,,,,,,,,,,,
,,,,,,,,,,,,,,,,,,,,,,,,,,,,,,
,,,,,,,,,,,,,,,,,,,,,,,,,,,,,,
,,,,,,,,,,,,,,,,,,,,,,,,,,,,,,
,,,,,,,,,,,,,,,,,,,,,,,,,,,,,,
,,,,,,,,,,,,,,,,,,,,,,,,,,,,,,
,,,,,,,,,,,,,,,,,,,,,,,,,,,,,,
,,,,,,,,,,,,,,,,,,,,,,,,,,,,,,
,,,,,,,,,,,,,,,,,,,,,,,,,,,,,,
,,,,,,,,,,,,,,,,,,,,,,,,,,,,,,
,,,,,,,,,,,,,,,,,,,,,,,,,,,,,,
,,,,,,,,,,,,,,,,,,,,,,,,,,,,,,
,,,,,,,,,,,,,,,,,,,,,,,,,,,,,,
,,,,,,,,,,,,,,,,,,,,,,,,,,,,,,
,,,,,,,,,,,,,,,,,,,,,,,,,,,,,,
,,,,,,,,,,,,,,,,,,,,,,,,,,,,,,
,,,,,,,,,,,,,,,,,,,,,,,,,,,,,,
,,,,,,,,,,,,,,,,,,,,,,,,,,,,,,
,,,,,,,,,,,,,,,,,,,,,,,,,,,,,,
,,,,,,,,,,,,,,,,,,,,,,,,,,,,,,
,,,,,,,,,,,,,,,,,,,,,,,,,,,,,,
,,,,,,,,,,,,,,,,,,,,,,,,,,,,,,
,,,,,,,,,,,,,,,,,,,,,,,,,,,,,,
,,,,,,,,,,,,,,,,,,,,,,,,,,,,,,
,,,,,,,,,,,,,,,,,,,,,,,,,,,,,,
,,,,,,,,,,,,,,,,,,,,,,,,,,,,,,
,,,,,,,,,,,,,,,,,,,,,,,,,,,,,,
,,,,,,,,,,,,,,,,,,,,,,,,,,,,,,
,,,,,,,,,,,,,,,,,,,,,,,,,,,,,,
,,,,,,,,,,,,,,,,,,,,,,,,,,,,,,
,,,,,,,,,,,,,,,,,,,,,,,,,,,,,,
,,,,,,,,,,,,,,,,,,,,,,,,,,,,,,
,,,,,,,,,,,,,,,,,,,,,,,,,,,,,,
,,,,,,,,,,,,,,,,,,,,,,,,,,,,,,
,,,,,,,,,,,,,,,,,,,,,,,,,,,,,,
,,,,,,,,,,,,,,,,,,,,,,,,,,,,,,
,,,,,,,,,,,,,,,,,,,,,,,,,,,,,,
,,,,,,,,,,,,,,,,,,,,,,,,,,,,,,
,,,,,,,,,,,,,,,,,,,,,,,,,,,,,,
,,,,,,,,,,,,,,,,,,,,,,,,,,,,,,
,,,,,,,,,,,,,,,,,,,,,,,,,,,,,,
,,,,,,,,,,,,,,,,,,,,,,,,,,,,,,
,,,,,,,,,,,,,,,,,,,,,,,,,,,,,,
,,,,,,,,,,,,,,,,,,,,,,,,,,,,,,
,,,,,,,,,,,,,,,,,,,,,,,,,,,,,,
,,,,,,,,,,,,,,,,,,,,,,,,,,,,,,
,,,,,,,,,,,,,,,,,,,,,,,,,,,,,,
,,,,,,,,,,,,,,,,,,,,,,,,,,,,,,
,,,,,,,,,,,,,,,,,,,,,,,,,,,,,,
,,,,,,,,,,,,,,,,,,,,,,,,,,,,,,
,,,,,,,,,,,,,,,,,,,,,,,,,,,,,,
,,,,,,,,,,,,,,,,,,,,,,,,,,,,,,
,,,,,,,,,,,,,,,,,,,,,,,,,,,,,,
,,,,,,,,,,,,,,,,,,,,,,,,,,,,,,
,,,,,,,,,,,,,,,,,,,,,,,,,,,,,,
,,,,,,,,,,,,,,,,,,,,,,,,,,,,,,
,,,,,,,,,,,,,,,,,,,,,,,,,,,,,,
,,,,,,,,,,,,,,,,,,,,,,,,,,,,,,
,,,,,,,,,,,,,,,,,,,,,,,,,,,,,,
,,,,,,,,,,,,,,,,,,,,,,,,,,,,,,
,,,,,,,,,,,,,,,,,,,,,,,,,,,,,,
,,,,,,,,,,,,,,,,,,,,,,,,,,,,,,
,,,,,,,,,,,,,,,,,,,,,,,,,,,,,,
,,,,,,,,,,,,,,,,,,,,,,,,,,,,,,
,,,,,,,,,,,,,,,,,,,,,,,,,,,,,,
,,,,,,,,,,,,,,,,,,,,,,,,,,,,,,
,,,,,,,,,,,,,,,,,,,,,,,,,,,,,,
,,,,,,,,,,,,,,,,,,,,,,,,,,,,,,
,,,,,,,,,,,,,,,,,,,,,,,,,,,,,,
,,,,,,,,,,,,,,,,,,,,,,,,,,,,,,
,,,,,,,,,,,,,,,,,,,,,,,,,,,,,,
,,,,,,,,,,,,,,,,,,,,,,,,,,,,,,
,,,,,,,,,,,,,,,,,,,,,,,,,,,,,,
,,,,,,,,,,,,,,,,,,,,,,,,,,,,,,
,,,,,,,,,,,,,,,,,,,,,,,,,,,,,,
,,,,,,,,,,,,,,,,,,,,,,,,,,,,,,
,,,,,,,,,,,,,,,,,,,,,,,,,,,,,,
,,,,,,,,,,,,,,,,,,,,,,,,,,,,,,
,,,,,,,,,,,,,,,,,,,,,,,,,,,,,,
,,,,,,,,,,,,,,,,,,,,,,,,,,,,,,
,,,,,,,,,,,,,,,,,,,,,,,,,,,,,,
,,,,,,,,,,,,,,,,,,,,,,,,,,,,,,
,,,,,,,,,,,,,,,,,,,,,,,,,,,,,,
,,,,,,,,,,,,,,,,,,,,,,,,,,,,,,
,,,,,,,,,,,,,,,,,,,,,,,,,,,,,,
,,,,,,,,,,,,,,,,,,,,,,,,,,,,,,
,,,,,,,,,,,,,,,,,,,,,,,,,,,,,,
,,,,,,,,,,,,,,,,,,,,,,,,,,,,,,
,,,,,,,,,,,,,,,,,,,,,,,,,,,,,,
,,,,,,,,,,,,,,,,,,,,,,,,,,,,,,
,,,,,,,,,,,,,,,,,,,,,,,,,,,,,,
,,,,,,,,,,,,,,,,,,,,,,,,,,,,,,
,,,,,,,,,,,,,,,,,,,,,,,,,,,,,,
,,,,,,,,,,,,,,,,,,,,,,,,,,,,,,
,,,,,,,,,,,,,,,,,,,,,,,,,,,,,,
,,,,,,,,,,,,,,,,,,,,,,,,,,,,,,
,,,,,,,,,,,,,,,,,,,,,,,,,,,,,,
,,,,,,,,,,,,,,,,,,,,,,,,,,,,,,
,,,,,,,,,,,,,,,,,,,,,,,,,,,,,,
,,,,,,,,,,,,,,,,,,,,,,,,,,,,,,
,,,,,,,,,,,,,,,,,,,,,,,,,,,,,,
,,,,,,,,,,,,,,,,,,,,,,,,,,,,,,
,,,,,,,,,,,,,,,,,,,,,,,,,,,,,,
,,,,,,,,,,,,,,,,,,,,,,,,,,,,,,
,,,,,,,,,,,,,,,,,,,,,,,,,,,,,,
,,,,,,,,,,,,,,,,,,,,,,,,,,,,,,
,,,,,,,,,,,,,,,,,,,,,,,,,,,,,,
,,,,,,,,,,,,,,,,,,,,,,,,,,,,,,
,,,,,,,,,,,,,,,,,,,,,,,,,,,,,,
,,,,,,,,,,,,,,,,,,,,,,,,,,,,,,
,,,,,,,,,,,,,,,,,,,,,,,,,,,,,,
,,,,,,,,,,,,,,,,,,,,,,,,,,,,,,
,,,,,,,,,,,,,,,,,,,,,,,,,,,,,,
,,,,,,,,,,,,,,,,,,,,,,,,,,,,,,
